-- phpMyAdmin SQL Dump
-- version 4.0.10deb1
-- http://www.phpmyadmin.net
--
-- Host: localhost
-- Generation Time: Mar 20, 2016 at 11:44 PM
-- Server version: 5.5.47-0ubuntu0.14.04.1
-- PHP Version: 5.5.9-1ubuntu4.14

SET SQL_MODE = "NO_AUTO_VALUE_ON_ZERO";
SET time_zone = "+00:00";


/*!40101 SET @OLD_CHARACTER_SET_CLIENT=@@CHARACTER_SET_CLIENT */;
/*!40101 SET @OLD_CHARACTER_SET_RESULTS=@@CHARACTER_SET_RESULTS */;
/*!40101 SET @OLD_COLLATION_CONNECTION=@@COLLATION_CONNECTION */;
/*!40101 SET NAMES utf8 */;

--
-- Database: `hop3x`
--

-- --------------------------------------------------------

--
-- Table structure for table `activity`
--

CREATE TABLE IF NOT EXISTS `activity` (
  `id` int(11) NOT NULL AUTO_INCREMENT,
  `user_id` int(11) NOT NULL,
  `time` int(11) NOT NULL,
  PRIMARY KEY (`id`),
  KEY `id` (`id`)
) ENGINE=InnoDB  DEFAULT CHARSET=latin1 AUTO_INCREMENT=1561 ;

--
-- Dumping data for table `activity`
--

INSERT INTO `activity` (`id`, `user_id`, `time`) VALUES
(1, 3, 2147483647),
(2, 3, 2147483647),
(3, 3, 2147483647),
(4, 3, 2147483647),
(5, 3, 2147483647),
(6, 3, 2147483647),
(7, 3, 2147483647),
(8, 3, 2147483647),
(9, 3, 2147483647),
(10, 3, 2147483647),
(11, 3, 2147483647),
(12, 3, 2147483647),
(13, 3, 2147483647),
(14, 3, 2147483647),
(15, 3, 2147483647),
(16, 3, 2147483647),
(17, 3, 2147483647),
(18, 3, 2147483647),
(19, 3, 2147483647),
(20, 3, 2147483647),
(21, 3, 2147483647),
(22, 3, 2147483647),
(23, 3, 2147483647),
(24, 3, 2147483647),
(25, 3, 2147483647),
(26, 3, 2147483647),
(27, 3, 2147483647),
(28, 3, 2147483647),
(29, 3, 2147483647),
(30, 3, 2147483647),
(31, 3, 2147483647),
(32, 3, 2147483647),
(33, 3, 2147483647),
(34, 3, 2147483647),
(35, 3, 2147483647),
(36, 3, 2147483647),
(37, 3, 2147483647),
(38, 3, 2147483647),
(39, 3, 2147483647),
(40, 3, 2147483647),
(41, 3, 2147483647),
(42, 3, 2147483647),
(43, 3, 2147483647),
(44, 3, 2147483647),
(45, 3, 2147483647),
(46, 3, 2147483647),
(47, 3, 2147483647),
(48, 3, 2147483647),
(49, 3, 2147483647),
(50, 3, 2147483647),
(51, 3, 2147483647),
(52, 3, 2147483647),
(53, 3, 2147483647),
(54, 3, 2147483647),
(55, 3, 2147483647),
(56, 3, 2147483647),
(57, 3, 2147483647),
(58, 3, 2147483647),
(59, 3, 2147483647),
(60, 3, 2147483647),
(61, 3, 2147483647),
(62, 3, 2147483647),
(63, 3, 2147483647),
(64, 3, 2147483647),
(65, 3, 2147483647),
(66, 3, 2147483647),
(67, 3, 2147483647),
(68, 3, 2147483647),
(69, 3, 2147483647),
(70, 3, 2147483647),
(71, 3, 2147483647),
(72, 3, 2147483647),
(73, 3, 2147483647),
(74, 3, 2147483647),
(75, 3, 2147483647),
(76, 3, 2147483647),
(77, 3, 2147483647),
(78, 3, 2147483647),
(79, 3, 2147483647),
(80, 3, 2147483647),
(81, 3, 2147483647),
(82, 3, 2147483647),
(83, 3, 2147483647),
(84, 3, 2147483647),
(85, 3, 2147483647),
(86, 3, 2147483647),
(87, 3, 2147483647),
(88, 3, 2147483647),
(89, 3, 2147483647),
(90, 3, 2147483647),
(91, 3, 2147483647),
(92, 3, 2147483647),
(93, 3, 2147483647),
(94, 3, 2147483647),
(95, 3, 2147483647),
(96, 3, 2147483647),
(97, 3, 2147483647),
(98, 3, 2147483647),
(99, 3, 2147483647),
(100, 3, 2147483647),
(101, 3, 2147483647),
(102, 3, 2147483647),
(103, 3, 2147483647),
(104, 3, 2147483647),
(105, 3, 2147483647),
(106, 3, 2147483647),
(107, 3, 2147483647),
(108, 3, 2147483647),
(109, 3, 2147483647),
(110, 3, 2147483647),
(111, 3, 2147483647),
(112, 3, 2147483647),
(113, 3, 2147483647),
(114, 3, 2147483647),
(115, 3, 2147483647),
(116, 3, 2147483647),
(117, 3, 2147483647),
(118, 3, 2147483647),
(119, 3, 2147483647),
(120, 3, 2147483647),
(121, 3, 2147483647),
(122, 3, 2147483647),
(123, 3, 2147483647),
(124, 3, 2147483647),
(125, 3, 2147483647),
(126, 3, 2147483647),
(127, 3, 2147483647),
(128, 3, 2147483647),
(129, 3, 2147483647),
(130, 3, 2147483647),
(131, 3, 2147483647),
(132, 3, 2147483647),
(133, 3, 2147483647),
(134, 3, 2147483647),
(135, 3, 2147483647),
(136, 3, 2147483647),
(137, 3, 2147483647),
(138, 3, 2147483647),
(139, 3, 2147483647),
(140, 3, 2147483647),
(141, 3, 2147483647),
(142, 3, 2147483647),
(143, 3, 2147483647),
(144, 3, 2147483647),
(145, 3, 2147483647),
(146, 3, 2147483647),
(147, 3, 2147483647),
(148, 3, 2147483647),
(149, 3, 2147483647),
(150, 3, 2147483647),
(151, 3, 2147483647),
(152, 3, 2147483647),
(153, 3, 2147483647),
(154, 3, 2147483647),
(155, 3, 2147483647),
(156, 3, 2147483647),
(157, 3, 2147483647),
(158, 3, 2147483647),
(159, 3, 2147483647),
(160, 3, 2147483647),
(161, 3, 2147483647),
(162, 3, 2147483647),
(163, 3, 2147483647),
(164, 3, 2147483647),
(165, 3, 2147483647),
(166, 3, 2147483647),
(167, 3, 2147483647),
(168, 3, 2147483647),
(169, 3, 2147483647),
(170, 3, 2147483647),
(171, 3, 2147483647),
(172, 3, 2147483647),
(173, 3, 2147483647),
(174, 3, 2147483647),
(175, 3, 2147483647),
(176, 3, 2147483647),
(177, 3, 2147483647),
(178, 3, 2147483647),
(179, 3, 2147483647),
(180, 3, 2147483647),
(181, 3, 2147483647),
(182, 3, 2147483647),
(183, 3, 2147483647),
(184, 3, 2147483647),
(185, 3, 2147483647),
(186, 3, 2147483647),
(187, 3, 2147483647),
(188, 3, 2147483647),
(189, 3, 2147483647),
(190, 3, 2147483647),
(191, 3, 2147483647),
(192, 3, 2147483647),
(193, 3, 2147483647),
(194, 3, 2147483647),
(195, 3, 2147483647),
(196, 3, 2147483647),
(197, 3, 2147483647),
(198, 3, 2147483647),
(199, 3, 2147483647),
(200, 3, 2147483647),
(201, 3, 2147483647),
(202, 3, 2147483647),
(203, 3, 2147483647),
(204, 3, 2147483647),
(205, 3, 2147483647),
(206, 3, 2147483647),
(207, 3, 2147483647),
(208, 3, 2147483647),
(209, 3, 2147483647),
(210, 3, 2147483647),
(211, 3, 2147483647),
(212, 3, 2147483647),
(213, 3, 2147483647),
(214, 3, 2147483647),
(215, 3, 2147483647),
(216, 3, 2147483647),
(217, 3, 2147483647),
(218, 3, 2147483647),
(219, 3, 2147483647),
(220, 3, 2147483647),
(221, 3, 2147483647),
(222, 3, 2147483647),
(223, 3, 2147483647),
(224, 3, 2147483647),
(225, 3, 2147483647),
(226, 3, 2147483647),
(227, 3, 2147483647),
(228, 3, 2147483647),
(229, 3, 2147483647),
(230, 3, 2147483647),
(231, 3, 2147483647),
(232, 3, 2147483647),
(233, 3, 2147483647),
(234, 3, 2147483647),
(235, 3, 2147483647),
(236, 3, 2147483647),
(237, 3, 2147483647),
(238, 3, 2147483647),
(239, 3, 2147483647),
(240, 3, 2147483647),
(241, 3, 2147483647),
(242, 3, 2147483647),
(243, 3, 2147483647),
(244, 3, 2147483647),
(245, 3, 2147483647),
(246, 3, 2147483647),
(247, 3, 2147483647),
(248, 3, 2147483647),
(249, 3, 2147483647),
(250, 3, 2147483647),
(251, 3, 2147483647),
(252, 3, 2147483647),
(253, 3, 2147483647),
(254, 3, 2147483647),
(255, 3, 2147483647),
(256, 3, 2147483647),
(257, 3, 2147483647),
(258, 3, 2147483647),
(259, 3, 2147483647),
(260, 3, 2147483647),
(261, 3, 2147483647),
(262, 3, 2147483647),
(263, 3, 2147483647),
(264, 3, 2147483647),
(265, 3, 2147483647),
(266, 3, 2147483647),
(267, 3, 2147483647),
(268, 3, 2147483647),
(269, 3, 2147483647),
(270, 3, 2147483647),
(271, 3, 2147483647),
(272, 3, 2147483647),
(273, 3, 2147483647),
(274, 3, 2147483647),
(275, 3, 2147483647),
(276, 3, 2147483647),
(277, 3, 2147483647),
(278, 3, 2147483647),
(279, 3, 2147483647),
(280, 3, 2147483647),
(281, 3, 2147483647),
(282, 3, 2147483647),
(283, 3, 2147483647),
(284, 3, 2147483647),
(285, 3, 2147483647),
(286, 3, 2147483647),
(287, 3, 2147483647),
(288, 3, 2147483647),
(289, 3, 2147483647),
(290, 3, 2147483647),
(291, 3, 2147483647),
(292, 3, 2147483647),
(293, 3, 2147483647),
(294, 3, 2147483647),
(295, 3, 2147483647),
(296, 3, 2147483647),
(297, 3, 2147483647),
(298, 3, 2147483647),
(299, 3, 2147483647),
(300, 3, 2147483647),
(301, 6, 2147483647),
(302, 6, 2147483647),
(303, 6, 2147483647),
(304, 6, 2147483647),
(305, 6, 2147483647),
(306, 6, 2147483647),
(307, 6, 2147483647),
(308, 6, 2147483647),
(309, 6, 2147483647),
(310, 6, 2147483647),
(311, 6, 2147483647),
(312, 6, 2147483647),
(313, 6, 2147483647),
(314, 6, 2147483647),
(315, 6, 2147483647),
(316, 6, 2147483647),
(317, 6, 2147483647),
(318, 6, 2147483647),
(319, 6, 2147483647),
(320, 6, 2147483647),
(321, 6, 2147483647),
(322, 6, 2147483647),
(323, 6, 2147483647),
(324, 6, 2147483647),
(325, 6, 2147483647),
(326, 6, 2147483647),
(327, 6, 2147483647),
(328, 6, 2147483647),
(329, 6, 2147483647),
(330, 6, 2147483647),
(331, 6, 2147483647),
(332, 6, 2147483647),
(333, 6, 2147483647),
(334, 6, 2147483647),
(335, 6, 2147483647),
(336, 6, 2147483647),
(337, 6, 2147483647),
(338, 6, 2147483647),
(339, 6, 2147483647),
(340, 6, 2147483647),
(341, 6, 2147483647),
(342, 6, 2147483647),
(343, 6, 2147483647),
(344, 6, 2147483647),
(345, 6, 2147483647),
(346, 6, 2147483647),
(347, 6, 2147483647),
(348, 6, 2147483647),
(349, 6, 2147483647),
(350, 6, 2147483647),
(351, 6, 2147483647),
(352, 6, 2147483647),
(353, 6, 2147483647),
(354, 6, 2147483647),
(355, 6, 2147483647),
(356, 6, 2147483647),
(357, 6, 2147483647),
(358, 6, 2147483647),
(359, 6, 2147483647),
(360, 6, 2147483647),
(361, 6, 2147483647),
(362, 6, 2147483647),
(363, 6, 2147483647),
(364, 6, 2147483647),
(365, 6, 2147483647),
(366, 6, 2147483647),
(367, 6, 2147483647),
(368, 6, 2147483647),
(369, 6, 2147483647),
(370, 6, 2147483647),
(371, 6, 2147483647),
(372, 6, 2147483647),
(373, 6, 2147483647),
(374, 6, 2147483647),
(375, 6, 2147483647),
(376, 6, 2147483647),
(377, 6, 2147483647),
(378, 6, 2147483647),
(379, 6, 2147483647),
(380, 6, 2147483647),
(381, 6, 2147483647),
(382, 6, 2147483647),
(383, 6, 2147483647),
(384, 6, 2147483647),
(385, 6, 2147483647),
(386, 6, 2147483647),
(387, 6, 2147483647),
(388, 6, 2147483647),
(389, 6, 2147483647),
(390, 6, 2147483647),
(391, 6, 2147483647),
(392, 6, 2147483647),
(393, 6, 2147483647),
(394, 6, 2147483647),
(395, 6, 2147483647),
(396, 6, 2147483647),
(397, 6, 2147483647),
(398, 6, 2147483647),
(399, 6, 2147483647),
(400, 6, 2147483647),
(401, 6, 2147483647),
(402, 6, 2147483647),
(403, 6, 2147483647),
(404, 6, 2147483647),
(405, 6, 2147483647),
(406, 6, 2147483647),
(407, 6, 2147483647),
(408, 6, 2147483647),
(409, 6, 2147483647),
(410, 6, 2147483647),
(411, 6, 2147483647),
(412, 6, 2147483647),
(413, 6, 2147483647),
(414, 6, 2147483647),
(415, 6, 2147483647),
(416, 6, 2147483647),
(417, 6, 2147483647),
(418, 6, 2147483647),
(419, 6, 2147483647),
(420, 6, 2147483647),
(421, 6, 2147483647),
(422, 6, 2147483647),
(423, 6, 2147483647),
(424, 6, 2147483647),
(425, 6, 2147483647),
(426, 6, 2147483647),
(427, 6, 2147483647),
(428, 6, 2147483647),
(429, 6, 2147483647),
(430, 6, 2147483647),
(431, 6, 2147483647),
(432, 6, 2147483647),
(433, 6, 2147483647),
(434, 6, 2147483647),
(435, 6, 2147483647),
(436, 6, 2147483647),
(437, 6, 2147483647),
(438, 6, 2147483647),
(439, 6, 2147483647),
(440, 6, 2147483647),
(441, 6, 2147483647),
(442, 6, 2147483647),
(443, 6, 2147483647),
(444, 6, 2147483647),
(445, 6, 2147483647),
(446, 6, 2147483647),
(447, 6, 2147483647),
(448, 6, 2147483647),
(449, 6, 2147483647),
(450, 6, 2147483647),
(451, 6, 2147483647),
(452, 6, 2147483647),
(453, 6, 2147483647),
(454, 6, 2147483647),
(455, 6, 2147483647),
(456, 6, 2147483647),
(457, 6, 2147483647),
(458, 6, 2147483647),
(459, 6, 2147483647),
(460, 6, 2147483647),
(461, 6, 2147483647),
(462, 6, 2147483647),
(463, 6, 2147483647),
(464, 6, 2147483647),
(465, 6, 2147483647),
(466, 6, 2147483647),
(467, 6, 2147483647),
(468, 6, 2147483647),
(469, 6, 2147483647),
(470, 6, 2147483647),
(471, 6, 2147483647),
(472, 6, 2147483647),
(473, 6, 2147483647),
(474, 6, 2147483647),
(475, 6, 2147483647),
(476, 6, 2147483647),
(477, 6, 2147483647),
(478, 6, 2147483647),
(479, 6, 2147483647),
(480, 6, 2147483647),
(481, 6, 2147483647),
(482, 6, 2147483647),
(483, 6, 2147483647),
(484, 6, 2147483647),
(485, 6, 2147483647),
(486, 6, 2147483647),
(487, 6, 2147483647),
(488, 6, 2147483647),
(489, 6, 2147483647),
(490, 6, 2147483647),
(491, 6, 2147483647),
(492, 6, 2147483647),
(493, 6, 2147483647),
(494, 6, 2147483647),
(495, 6, 2147483647),
(496, 6, 2147483647),
(497, 6, 2147483647),
(498, 6, 2147483647),
(499, 6, 2147483647),
(500, 6, 2147483647),
(501, 6, 2147483647),
(502, 6, 2147483647),
(503, 6, 2147483647),
(504, 6, 2147483647),
(505, 6, 2147483647),
(506, 6, 2147483647),
(507, 6, 2147483647),
(508, 6, 2147483647),
(509, 6, 2147483647),
(510, 6, 2147483647),
(511, 6, 2147483647),
(512, 6, 2147483647),
(513, 6, 2147483647),
(514, 6, 2147483647),
(515, 6, 2147483647),
(516, 6, 2147483647),
(517, 6, 2147483647),
(518, 6, 2147483647),
(519, 6, 2147483647),
(520, 6, 2147483647),
(521, 6, 2147483647),
(522, 6, 2147483647),
(523, 6, 2147483647),
(524, 6, 2147483647),
(525, 6, 2147483647),
(526, 6, 2147483647),
(527, 6, 2147483647),
(528, 6, 2147483647),
(529, 6, 2147483647),
(530, 6, 2147483647),
(531, 6, 2147483647),
(532, 6, 2147483647),
(533, 6, 2147483647),
(534, 6, 2147483647),
(535, 6, 2147483647),
(536, 6, 2147483647),
(537, 6, 2147483647),
(538, 6, 2147483647),
(539, 6, 2147483647),
(540, 6, 2147483647),
(541, 6, 2147483647),
(542, 6, 2147483647),
(543, 6, 2147483647),
(544, 6, 2147483647),
(545, 6, 2147483647),
(546, 6, 2147483647),
(547, 6, 2147483647),
(548, 6, 2147483647),
(549, 6, 2147483647),
(550, 6, 2147483647),
(551, 6, 2147483647),
(552, 6, 2147483647),
(553, 6, 2147483647),
(554, 6, 2147483647),
(555, 6, 2147483647),
(556, 6, 2147483647),
(557, 6, 2147483647),
(558, 6, 2147483647),
(559, 6, 2147483647),
(560, 6, 2147483647),
(561, 6, 2147483647),
(562, 6, 2147483647),
(563, 6, 2147483647),
(564, 6, 2147483647),
(565, 6, 2147483647),
(566, 6, 2147483647),
(567, 6, 2147483647),
(568, 6, 2147483647),
(569, 6, 2147483647),
(570, 6, 2147483647),
(571, 6, 2147483647),
(572, 6, 2147483647),
(573, 6, 2147483647),
(574, 6, 2147483647),
(575, 6, 2147483647),
(576, 6, 2147483647),
(577, 6, 2147483647),
(578, 6, 2147483647),
(579, 6, 2147483647),
(580, 6, 2147483647),
(581, 6, 2147483647),
(582, 6, 2147483647),
(583, 6, 2147483647),
(584, 6, 2147483647),
(585, 6, 2147483647),
(586, 6, 2147483647),
(587, 6, 2147483647),
(588, 6, 2147483647),
(589, 6, 2147483647),
(590, 6, 2147483647),
(591, 6, 2147483647),
(592, 6, 2147483647),
(593, 6, 2147483647),
(594, 6, 2147483647),
(595, 6, 2147483647),
(596, 6, 2147483647),
(597, 6, 2147483647),
(598, 6, 2147483647),
(599, 6, 2147483647),
(600, 6, 2147483647),
(601, 6, 2147483647),
(602, 6, 2147483647),
(603, 6, 2147483647),
(604, 6, 2147483647),
(605, 6, 2147483647),
(606, 6, 2147483647),
(607, 6, 2147483647),
(608, 6, 2147483647),
(609, 6, 2147483647),
(610, 6, 2147483647),
(611, 6, 2147483647),
(612, 6, 2147483647),
(613, 6, 2147483647),
(614, 6, 2147483647),
(615, 6, 2147483647),
(616, 6, 2147483647),
(617, 6, 2147483647),
(618, 6, 2147483647),
(619, 6, 2147483647),
(620, 6, 2147483647),
(621, 6, 2147483647),
(622, 6, 2147483647),
(623, 6, 2147483647),
(624, 6, 2147483647),
(625, 6, 2147483647),
(626, 6, 2147483647),
(627, 6, 2147483647),
(628, 6, 2147483647),
(629, 6, 2147483647),
(630, 6, 2147483647),
(631, 6, 2147483647),
(632, 6, 2147483647),
(633, 6, 2147483647),
(634, 6, 2147483647),
(635, 6, 2147483647),
(636, 6, 2147483647),
(637, 6, 2147483647),
(638, 6, 2147483647),
(639, 6, 2147483647),
(640, 6, 2147483647),
(641, 6, 2147483647),
(642, 6, 2147483647),
(643, 6, 2147483647),
(644, 6, 2147483647),
(645, 6, 2147483647),
(646, 6, 2147483647),
(647, 6, 2147483647),
(648, 6, 2147483647),
(649, 6, 2147483647),
(650, 6, 2147483647),
(651, 6, 2147483647),
(652, 6, 2147483647),
(653, 6, 2147483647),
(654, 6, 2147483647),
(655, 6, 2147483647),
(656, 6, 2147483647),
(657, 6, 2147483647),
(658, 6, 2147483647),
(659, 6, 2147483647),
(660, 6, 2147483647),
(661, 6, 2147483647),
(662, 6, 2147483647),
(663, 6, 2147483647),
(664, 6, 2147483647),
(665, 6, 2147483647),
(666, 6, 2147483647),
(667, 6, 2147483647),
(668, 6, 2147483647),
(669, 6, 2147483647),
(670, 6, 2147483647),
(671, 6, 2147483647),
(672, 6, 2147483647),
(673, 6, 2147483647),
(674, 6, 2147483647),
(675, 6, 2147483647),
(676, 6, 2147483647),
(677, 6, 2147483647),
(678, 6, 2147483647),
(679, 6, 2147483647),
(680, 6, 2147483647),
(681, 6, 2147483647),
(682, 6, 2147483647),
(683, 6, 2147483647),
(684, 6, 2147483647),
(685, 6, 2147483647),
(686, 6, 2147483647),
(687, 6, 2147483647),
(688, 6, 2147483647),
(689, 6, 2147483647),
(690, 6, 2147483647),
(691, 6, 2147483647),
(692, 6, 2147483647),
(693, 6, 2147483647),
(694, 6, 2147483647),
(695, 6, 2147483647),
(696, 6, 2147483647),
(697, 6, 2147483647),
(698, 6, 2147483647),
(699, 6, 2147483647),
(700, 6, 2147483647),
(701, 6, 2147483647),
(702, 6, 2147483647),
(703, 6, 2147483647),
(704, 6, 2147483647),
(705, 6, 2147483647),
(706, 6, 2147483647),
(707, 6, 2147483647),
(708, 6, 2147483647),
(709, 6, 2147483647),
(710, 6, 2147483647),
(711, 6, 2147483647),
(712, 6, 2147483647),
(713, 6, 2147483647),
(714, 6, 2147483647),
(715, 6, 2147483647),
(716, 6, 2147483647),
(717, 6, 2147483647),
(718, 6, 2147483647),
(719, 6, 2147483647),
(720, 6, 2147483647),
(721, 6, 2147483647),
(722, 6, 2147483647),
(723, 6, 2147483647),
(724, 6, 2147483647),
(725, 6, 2147483647),
(726, 6, 2147483647),
(727, 6, 2147483647),
(728, 6, 2147483647),
(729, 6, 2147483647),
(730, 6, 2147483647),
(731, 6, 2147483647),
(732, 6, 2147483647),
(733, 6, 2147483647),
(734, 6, 2147483647),
(735, 6, 2147483647),
(736, 6, 2147483647),
(737, 6, 2147483647),
(738, 6, 2147483647),
(739, 6, 2147483647),
(740, 6, 2147483647),
(741, 6, 2147483647),
(742, 6, 2147483647),
(743, 6, 2147483647),
(744, 6, 2147483647),
(745, 6, 2147483647),
(746, 6, 2147483647),
(747, 6, 2147483647),
(748, 6, 2147483647),
(749, 6, 2147483647),
(750, 6, 2147483647),
(751, 6, 2147483647),
(752, 6, 2147483647),
(753, 6, 2147483647),
(754, 6, 2147483647),
(755, 6, 2147483647),
(756, 6, 2147483647),
(757, 6, 2147483647),
(758, 6, 2147483647),
(759, 6, 2147483647),
(760, 6, 2147483647),
(761, 6, 2147483647),
(762, 6, 2147483647),
(763, 6, 2147483647),
(764, 6, 2147483647),
(765, 6, 2147483647),
(766, 6, 2147483647),
(767, 6, 2147483647),
(768, 6, 2147483647),
(769, 6, 2147483647),
(770, 6, 2147483647),
(771, 6, 2147483647),
(772, 6, 2147483647),
(773, 6, 2147483647),
(774, 6, 2147483647),
(775, 6, 2147483647),
(776, 6, 2147483647),
(777, 6, 2147483647),
(778, 6, 2147483647),
(779, 6, 2147483647),
(780, 6, 2147483647),
(781, 6, 2147483647),
(782, 6, 2147483647),
(783, 6, 2147483647),
(784, 6, 2147483647),
(785, 6, 2147483647),
(786, 6, 2147483647),
(787, 6, 2147483647),
(788, 6, 2147483647),
(789, 6, 2147483647),
(790, 6, 2147483647),
(791, 6, 2147483647),
(792, 6, 2147483647),
(793, 6, 2147483647),
(794, 6, 2147483647),
(795, 6, 2147483647),
(796, 6, 2147483647),
(797, 6, 2147483647),
(798, 6, 2147483647),
(799, 6, 2147483647),
(800, 6, 2147483647),
(801, 6, 2147483647),
(802, 6, 2147483647),
(803, 6, 2147483647),
(804, 6, 2147483647),
(805, 6, 2147483647),
(806, 6, 2147483647),
(807, 6, 2147483647),
(808, 6, 2147483647),
(809, 6, 2147483647),
(810, 6, 2147483647),
(811, 6, 2147483647),
(812, 6, 2147483647),
(813, 6, 2147483647),
(814, 6, 2147483647),
(815, 6, 2147483647),
(816, 6, 2147483647),
(817, 6, 2147483647),
(818, 6, 2147483647),
(819, 6, 2147483647),
(820, 6, 2147483647),
(821, 6, 2147483647),
(822, 6, 2147483647),
(823, 6, 2147483647),
(824, 6, 2147483647),
(825, 6, 2147483647),
(826, 6, 2147483647),
(827, 6, 2147483647),
(828, 6, 2147483647),
(829, 6, 2147483647),
(830, 6, 2147483647),
(831, 6, 2147483647),
(832, 6, 2147483647),
(833, 6, 2147483647),
(834, 6, 2147483647),
(835, 6, 2147483647),
(836, 6, 2147483647),
(837, 6, 2147483647),
(838, 6, 2147483647),
(839, 6, 2147483647),
(840, 6, 2147483647),
(841, 6, 2147483647),
(842, 6, 2147483647),
(843, 6, 2147483647),
(844, 6, 2147483647),
(845, 6, 2147483647),
(846, 6, 2147483647),
(847, 6, 2147483647),
(848, 6, 2147483647),
(849, 6, 2147483647),
(850, 6, 2147483647),
(851, 6, 2147483647),
(852, 6, 2147483647),
(853, 6, 2147483647),
(854, 6, 2147483647),
(855, 6, 2147483647),
(856, 6, 2147483647),
(857, 6, 2147483647),
(858, 6, 2147483647),
(859, 6, 2147483647),
(860, 6, 2147483647),
(861, 6, 2147483647),
(862, 6, 2147483647),
(863, 6, 2147483647),
(864, 6, 2147483647),
(865, 6, 2147483647),
(866, 6, 2147483647),
(867, 6, 2147483647),
(868, 6, 2147483647),
(869, 6, 2147483647),
(870, 6, 2147483647),
(871, 6, 2147483647),
(872, 6, 2147483647),
(873, 6, 2147483647),
(874, 6, 2147483647),
(875, 6, 2147483647),
(876, 6, 2147483647),
(877, 6, 2147483647),
(878, 6, 2147483647),
(879, 6, 2147483647),
(880, 6, 2147483647),
(881, 6, 2147483647),
(882, 6, 2147483647),
(883, 6, 2147483647),
(884, 6, 2147483647),
(885, 6, 2147483647),
(886, 6, 2147483647),
(887, 6, 2147483647),
(888, 6, 2147483647),
(889, 6, 2147483647),
(890, 6, 2147483647),
(891, 6, 2147483647),
(892, 6, 2147483647),
(893, 6, 2147483647),
(894, 6, 2147483647),
(895, 6, 2147483647),
(896, 6, 2147483647),
(897, 6, 2147483647),
(898, 6, 2147483647),
(899, 6, 2147483647),
(900, 6, 2147483647),
(901, 6, 2147483647),
(902, 6, 2147483647),
(903, 6, 2147483647),
(904, 6, 2147483647),
(905, 6, 2147483647),
(906, 6, 2147483647),
(907, 6, 2147483647),
(908, 6, 2147483647),
(909, 6, 2147483647),
(910, 6, 2147483647),
(911, 6, 2147483647),
(912, 6, 2147483647),
(913, 6, 2147483647),
(914, 6, 2147483647),
(915, 6, 2147483647),
(916, 6, 2147483647),
(917, 6, 2147483647),
(918, 6, 2147483647),
(919, 6, 2147483647),
(920, 6, 2147483647),
(921, 6, 2147483647),
(922, 6, 2147483647),
(923, 6, 2147483647),
(924, 6, 2147483647),
(925, 6, 2147483647),
(926, 6, 2147483647),
(927, 6, 2147483647),
(928, 6, 2147483647),
(929, 6, 2147483647),
(930, 6, 2147483647),
(931, 6, 2147483647),
(932, 6, 2147483647),
(933, 6, 2147483647),
(934, 6, 2147483647),
(935, 6, 2147483647),
(936, 6, 2147483647),
(937, 6, 2147483647),
(938, 6, 2147483647),
(939, 6, 2147483647),
(940, 6, 2147483647),
(941, 6, 2147483647),
(942, 6, 2147483647),
(943, 6, 2147483647),
(944, 6, 2147483647),
(945, 6, 2147483647),
(946, 6, 2147483647),
(947, 6, 2147483647),
(948, 6, 2147483647),
(949, 6, 2147483647),
(950, 6, 2147483647),
(951, 6, 2147483647),
(952, 6, 2147483647),
(953, 6, 2147483647),
(954, 6, 2147483647),
(955, 6, 2147483647),
(956, 6, 2147483647),
(957, 6, 2147483647),
(958, 6, 2147483647),
(959, 6, 2147483647),
(960, 6, 2147483647),
(961, 6, 2147483647),
(962, 6, 2147483647),
(963, 6, 2147483647),
(964, 6, 2147483647),
(965, 6, 2147483647),
(966, 6, 2147483647),
(967, 6, 2147483647),
(968, 6, 2147483647),
(969, 6, 2147483647),
(970, 6, 2147483647),
(971, 6, 2147483647),
(972, 6, 2147483647),
(973, 6, 2147483647),
(974, 6, 2147483647),
(975, 6, 2147483647),
(976, 6, 2147483647),
(977, 6, 2147483647),
(978, 6, 2147483647),
(979, 6, 2147483647),
(980, 6, 2147483647),
(981, 6, 2147483647),
(982, 6, 2147483647),
(983, 6, 2147483647),
(984, 6, 2147483647),
(985, 6, 2147483647),
(986, 6, 2147483647),
(987, 6, 2147483647),
(988, 6, 2147483647),
(989, 6, 2147483647),
(990, 6, 2147483647),
(991, 6, 2147483647),
(992, 6, 2147483647),
(993, 6, 2147483647),
(994, 6, 2147483647),
(995, 6, 2147483647),
(996, 6, 2147483647),
(997, 6, 2147483647),
(998, 6, 2147483647),
(999, 6, 2147483647),
(1000, 6, 2147483647),
(1001, 6, 2147483647),
(1002, 6, 2147483647),
(1003, 6, 2147483647),
(1004, 6, 2147483647),
(1005, 6, 2147483647),
(1006, 6, 2147483647),
(1007, 6, 2147483647),
(1008, 6, 2147483647),
(1009, 6, 2147483647),
(1010, 6, 2147483647),
(1011, 6, 2147483647),
(1012, 6, 2147483647),
(1013, 6, 2147483647),
(1014, 6, 2147483647),
(1015, 6, 2147483647),
(1016, 6, 2147483647),
(1017, 6, 2147483647),
(1018, 6, 2147483647),
(1019, 6, 2147483647),
(1020, 6, 2147483647),
(1021, 6, 2147483647),
(1022, 6, 2147483647),
(1023, 6, 2147483647),
(1024, 6, 2147483647),
(1025, 6, 2147483647),
(1026, 6, 2147483647),
(1027, 6, 2147483647),
(1028, 6, 2147483647),
(1029, 6, 2147483647),
(1030, 6, 2147483647),
(1031, 6, 2147483647),
(1032, 6, 2147483647),
(1033, 6, 2147483647),
(1034, 6, 2147483647),
(1035, 6, 2147483647),
(1036, 6, 2147483647),
(1037, 6, 2147483647),
(1038, 6, 2147483647),
(1039, 6, 2147483647),
(1040, 6, 2147483647),
(1041, 6, 2147483647),
(1042, 6, 2147483647),
(1043, 6, 2147483647),
(1044, 6, 2147483647),
(1045, 6, 2147483647),
(1046, 6, 2147483647),
(1047, 6, 2147483647),
(1048, 6, 2147483647),
(1049, 6, 2147483647),
(1050, 6, 2147483647),
(1051, 6, 2147483647),
(1052, 6, 2147483647),
(1053, 6, 2147483647),
(1054, 6, 2147483647),
(1055, 6, 2147483647),
(1056, 6, 2147483647),
(1057, 6, 2147483647),
(1058, 6, 2147483647),
(1059, 6, 2147483647),
(1060, 6, 2147483647),
(1061, 6, 2147483647),
(1062, 6, 2147483647),
(1063, 6, 2147483647),
(1064, 6, 2147483647),
(1065, 6, 2147483647),
(1066, 6, 2147483647),
(1067, 6, 2147483647),
(1068, 6, 2147483647),
(1069, 6, 2147483647),
(1070, 6, 2147483647),
(1071, 6, 2147483647),
(1072, 6, 2147483647),
(1073, 6, 2147483647),
(1074, 6, 2147483647),
(1075, 6, 2147483647),
(1076, 6, 2147483647),
(1077, 6, 2147483647),
(1078, 6, 2147483647),
(1079, 6, 2147483647),
(1080, 6, 2147483647),
(1081, 6, 2147483647),
(1082, 6, 2147483647),
(1083, 6, 2147483647),
(1084, 6, 2147483647),
(1085, 6, 2147483647),
(1086, 6, 2147483647),
(1087, 6, 2147483647),
(1088, 6, 2147483647),
(1089, 6, 2147483647),
(1090, 6, 2147483647),
(1091, 6, 2147483647),
(1092, 6, 2147483647),
(1093, 6, 2147483647),
(1094, 6, 2147483647),
(1095, 6, 2147483647),
(1096, 6, 2147483647),
(1097, 6, 2147483647),
(1098, 6, 2147483647),
(1099, 6, 2147483647),
(1100, 6, 2147483647),
(1101, 6, 2147483647),
(1102, 6, 2147483647),
(1103, 6, 2147483647),
(1104, 6, 2147483647),
(1105, 6, 2147483647),
(1106, 6, 2147483647),
(1107, 6, 2147483647),
(1108, 6, 2147483647),
(1109, 6, 2147483647),
(1110, 6, 2147483647),
(1111, 6, 2147483647),
(1112, 6, 2147483647),
(1113, 6, 2147483647),
(1114, 6, 2147483647),
(1115, 6, 2147483647),
(1116, 6, 2147483647),
(1117, 6, 2147483647),
(1118, 6, 2147483647),
(1119, 6, 2147483647),
(1120, 6, 2147483647),
(1121, 6, 2147483647),
(1122, 6, 2147483647),
(1123, 6, 2147483647),
(1124, 6, 2147483647),
(1125, 6, 2147483647),
(1126, 6, 2147483647),
(1127, 6, 2147483647),
(1128, 6, 2147483647),
(1129, 6, 2147483647),
(1130, 6, 2147483647),
(1131, 6, 2147483647),
(1132, 6, 2147483647),
(1133, 6, 2147483647),
(1134, 6, 2147483647),
(1135, 6, 2147483647),
(1136, 6, 2147483647),
(1137, 6, 2147483647),
(1138, 6, 2147483647),
(1139, 6, 2147483647),
(1140, 6, 2147483647),
(1141, 6, 2147483647),
(1142, 6, 2147483647),
(1143, 6, 2147483647),
(1144, 6, 2147483647),
(1145, 6, 2147483647),
(1146, 6, 2147483647),
(1147, 6, 2147483647),
(1148, 6, 2147483647),
(1149, 6, 2147483647),
(1150, 6, 2147483647),
(1151, 6, 2147483647),
(1152, 6, 2147483647),
(1153, 6, 2147483647),
(1154, 6, 2147483647),
(1155, 6, 2147483647),
(1156, 6, 2147483647),
(1157, 6, 2147483647),
(1158, 6, 2147483647),
(1159, 6, 2147483647),
(1160, 6, 2147483647),
(1161, 6, 2147483647),
(1162, 6, 2147483647),
(1163, 6, 2147483647),
(1164, 6, 2147483647),
(1165, 6, 2147483647),
(1166, 6, 2147483647),
(1167, 6, 2147483647),
(1168, 6, 2147483647),
(1169, 6, 2147483647),
(1170, 6, 2147483647),
(1171, 6, 2147483647),
(1172, 6, 2147483647),
(1173, 6, 2147483647),
(1174, 6, 2147483647),
(1175, 6, 2147483647),
(1176, 6, 2147483647),
(1177, 6, 2147483647),
(1178, 6, 2147483647),
(1179, 6, 2147483647),
(1180, 6, 2147483647),
(1181, 6, 2147483647),
(1182, 6, 2147483647),
(1183, 6, 2147483647),
(1184, 6, 2147483647),
(1185, 6, 2147483647),
(1186, 6, 2147483647),
(1187, 6, 2147483647),
(1188, 6, 2147483647),
(1189, 6, 2147483647),
(1190, 6, 2147483647),
(1191, 6, 2147483647),
(1192, 6, 2147483647),
(1193, 6, 2147483647),
(1194, 6, 2147483647),
(1195, 6, 2147483647),
(1196, 6, 2147483647),
(1197, 6, 2147483647),
(1198, 6, 2147483647),
(1199, 6, 2147483647),
(1200, 6, 2147483647),
(1201, 6, 2147483647),
(1202, 6, 2147483647),
(1203, 6, 2147483647),
(1204, 6, 2147483647),
(1205, 6, 2147483647),
(1206, 6, 2147483647),
(1207, 6, 2147483647),
(1208, 6, 2147483647),
(1209, 6, 2147483647),
(1210, 6, 2147483647),
(1211, 6, 2147483647),
(1212, 6, 2147483647),
(1213, 6, 2147483647),
(1214, 6, 2147483647),
(1215, 6, 2147483647),
(1216, 6, 2147483647),
(1217, 6, 2147483647),
(1218, 6, 2147483647),
(1219, 6, 2147483647),
(1220, 6, 2147483647),
(1221, 6, 2147483647),
(1222, 6, 2147483647),
(1223, 6, 2147483647),
(1224, 6, 2147483647),
(1225, 6, 2147483647),
(1226, 6, 2147483647),
(1227, 6, 2147483647),
(1228, 6, 2147483647),
(1229, 6, 2147483647),
(1230, 6, 2147483647),
(1231, 6, 2147483647),
(1232, 6, 2147483647),
(1233, 6, 2147483647),
(1234, 6, 2147483647),
(1235, 6, 2147483647),
(1236, 6, 2147483647),
(1237, 6, 2147483647),
(1238, 6, 2147483647),
(1239, 6, 2147483647),
(1240, 6, 2147483647),
(1241, 6, 2147483647),
(1242, 6, 2147483647),
(1243, 6, 2147483647),
(1244, 6, 2147483647),
(1245, 6, 2147483647),
(1246, 6, 2147483647),
(1247, 6, 2147483647),
(1248, 6, 2147483647),
(1249, 6, 2147483647),
(1250, 6, 2147483647),
(1251, 6, 2147483647),
(1252, 6, 2147483647),
(1253, 6, 2147483647),
(1254, 6, 2147483647),
(1255, 6, 2147483647),
(1256, 6, 2147483647),
(1257, 6, 2147483647),
(1258, 6, 2147483647),
(1259, 6, 2147483647),
(1260, 6, 2147483647),
(1261, 6, 2147483647),
(1262, 6, 2147483647),
(1263, 6, 2147483647),
(1264, 6, 2147483647),
(1265, 6, 2147483647),
(1266, 6, 2147483647),
(1267, 6, 2147483647),
(1268, 6, 2147483647),
(1269, 6, 2147483647),
(1270, 6, 2147483647),
(1271, 6, 2147483647),
(1272, 6, 2147483647),
(1273, 6, 2147483647),
(1274, 6, 2147483647),
(1275, 6, 2147483647),
(1276, 6, 2147483647),
(1277, 6, 2147483647),
(1278, 6, 2147483647),
(1279, 6, 2147483647),
(1280, 6, 2147483647),
(1281, 6, 2147483647),
(1282, 6, 2147483647),
(1283, 6, 2147483647),
(1284, 6, 2147483647),
(1285, 6, 2147483647),
(1286, 6, 2147483647),
(1287, 6, 2147483647),
(1288, 6, 2147483647),
(1289, 6, 2147483647),
(1290, 6, 2147483647),
(1291, 6, 2147483647),
(1292, 6, 2147483647),
(1293, 6, 2147483647),
(1294, 6, 2147483647),
(1295, 6, 2147483647),
(1296, 6, 2147483647),
(1297, 6, 2147483647),
(1298, 6, 2147483647),
(1299, 6, 2147483647),
(1300, 6, 2147483647),
(1301, 6, 2147483647),
(1302, 6, 2147483647),
(1303, 6, 2147483647),
(1304, 6, 2147483647),
(1305, 6, 2147483647),
(1306, 6, 2147483647),
(1307, 6, 2147483647),
(1308, 6, 2147483647),
(1309, 6, 2147483647),
(1310, 6, 2147483647),
(1311, 6, 2147483647),
(1312, 6, 2147483647),
(1313, 6, 2147483647),
(1314, 6, 2147483647),
(1315, 6, 2147483647),
(1316, 6, 2147483647),
(1317, 6, 2147483647),
(1318, 6, 2147483647),
(1319, 6, 2147483647),
(1320, 6, 2147483647),
(1321, 6, 2147483647),
(1322, 6, 2147483647),
(1323, 6, 2147483647),
(1324, 6, 2147483647),
(1325, 6, 2147483647),
(1326, 6, 2147483647),
(1327, 6, 2147483647),
(1328, 6, 2147483647),
(1329, 6, 2147483647),
(1330, 6, 2147483647),
(1331, 6, 2147483647),
(1332, 6, 2147483647),
(1333, 6, 2147483647),
(1334, 6, 2147483647),
(1335, 6, 2147483647),
(1336, 6, 2147483647),
(1337, 6, 2147483647),
(1338, 6, 2147483647),
(1339, 6, 2147483647),
(1340, 6, 2147483647),
(1341, 6, 2147483647),
(1342, 6, 2147483647),
(1343, 6, 2147483647),
(1344, 6, 2147483647),
(1345, 6, 2147483647),
(1346, 6, 2147483647),
(1347, 6, 2147483647),
(1348, 6, 2147483647),
(1349, 6, 2147483647),
(1350, 6, 2147483647),
(1351, 6, 2147483647),
(1352, 6, 2147483647),
(1353, 6, 2147483647),
(1354, 6, 2147483647),
(1355, 6, 2147483647),
(1356, 6, 2147483647),
(1357, 6, 2147483647),
(1358, 6, 2147483647),
(1359, 6, 2147483647),
(1360, 6, 2147483647),
(1361, 6, 2147483647),
(1362, 6, 2147483647),
(1363, 6, 2147483647),
(1364, 6, 2147483647),
(1365, 6, 2147483647),
(1366, 6, 2147483647),
(1367, 6, 2147483647),
(1368, 6, 2147483647),
(1369, 6, 2147483647),
(1370, 6, 2147483647),
(1371, 6, 2147483647),
(1372, 6, 2147483647),
(1373, 6, 2147483647),
(1374, 6, 2147483647),
(1375, 6, 2147483647),
(1376, 6, 2147483647),
(1377, 6, 2147483647),
(1378, 6, 2147483647),
(1379, 6, 2147483647),
(1380, 6, 2147483647),
(1381, 6, 2147483647),
(1382, 6, 2147483647),
(1383, 6, 2147483647),
(1384, 6, 2147483647),
(1385, 6, 2147483647),
(1386, 6, 2147483647),
(1387, 6, 2147483647),
(1388, 6, 2147483647),
(1389, 6, 2147483647),
(1390, 6, 2147483647),
(1391, 6, 2147483647),
(1392, 6, 2147483647),
(1393, 6, 2147483647),
(1394, 6, 2147483647),
(1395, 6, 2147483647),
(1396, 6, 2147483647),
(1397, 6, 2147483647),
(1398, 6, 2147483647),
(1399, 6, 2147483647),
(1400, 6, 2147483647),
(1401, 6, 2147483647),
(1402, 6, 2147483647),
(1403, 6, 2147483647),
(1404, 6, 2147483647),
(1405, 6, 2147483647),
(1406, 6, 2147483647),
(1407, 6, 2147483647),
(1408, 6, 2147483647),
(1409, 6, 2147483647),
(1410, 6, 2147483647),
(1411, 6, 2147483647),
(1412, 6, 2147483647),
(1413, 6, 2147483647),
(1414, 6, 2147483647),
(1415, 6, 2147483647),
(1416, 6, 2147483647),
(1417, 6, 2147483647),
(1418, 6, 2147483647),
(1419, 6, 2147483647),
(1420, 6, 2147483647),
(1421, 6, 2147483647),
(1422, 6, 2147483647),
(1423, 6, 2147483647),
(1424, 6, 2147483647),
(1425, 6, 2147483647),
(1426, 6, 2147483647),
(1427, 6, 2147483647),
(1428, 6, 2147483647),
(1429, 6, 2147483647),
(1430, 6, 2147483647),
(1431, 6, 2147483647),
(1432, 6, 2147483647),
(1433, 6, 2147483647),
(1434, 6, 2147483647),
(1435, 6, 2147483647),
(1436, 6, 2147483647),
(1437, 6, 2147483647),
(1438, 6, 2147483647),
(1439, 6, 2147483647),
(1440, 6, 2147483647),
(1441, 6, 2147483647),
(1442, 6, 2147483647),
(1443, 6, 2147483647),
(1444, 6, 2147483647),
(1445, 6, 2147483647),
(1446, 6, 2147483647),
(1447, 6, 2147483647),
(1448, 6, 2147483647),
(1449, 6, 2147483647),
(1450, 6, 2147483647),
(1451, 6, 2147483647),
(1452, 6, 2147483647),
(1453, 6, 2147483647),
(1454, 6, 2147483647),
(1455, 6, 2147483647),
(1456, 6, 2147483647),
(1457, 6, 2147483647),
(1458, 6, 2147483647),
(1459, 6, 2147483647),
(1460, 6, 2147483647),
(1461, 6, 2147483647),
(1462, 6, 2147483647),
(1463, 6, 2147483647),
(1464, 6, 2147483647),
(1465, 6, 2147483647),
(1466, 6, 2147483647),
(1467, 6, 2147483647),
(1468, 6, 2147483647),
(1469, 6, 2147483647),
(1470, 6, 2147483647),
(1471, 6, 2147483647),
(1472, 6, 2147483647),
(1473, 6, 2147483647),
(1474, 6, 2147483647),
(1475, 6, 2147483647),
(1476, 6, 2147483647),
(1477, 6, 2147483647),
(1478, 6, 2147483647),
(1479, 6, 2147483647),
(1480, 6, 2147483647),
(1481, 6, 2147483647),
(1482, 6, 2147483647),
(1483, 6, 2147483647),
(1484, 6, 2147483647),
(1485, 6, 2147483647),
(1486, 6, 2147483647),
(1487, 6, 2147483647),
(1488, 6, 2147483647),
(1489, 6, 2147483647),
(1490, 6, 2147483647),
(1491, 6, 2147483647),
(1492, 6, 2147483647),
(1493, 6, 2147483647),
(1494, 6, 2147483647),
(1495, 6, 2147483647),
(1496, 6, 2147483647),
(1497, 6, 2147483647),
(1498, 6, 2147483647),
(1499, 6, 2147483647),
(1500, 6, 2147483647),
(1501, 6, 2147483647),
(1502, 6, 2147483647),
(1503, 6, 2147483647),
(1504, 6, 2147483647),
(1505, 6, 2147483647),
(1506, 6, 2147483647),
(1507, 6, 2147483647),
(1508, 6, 2147483647),
(1509, 6, 2147483647),
(1510, 6, 2147483647),
(1511, 6, 2147483647),
(1512, 6, 2147483647),
(1513, 6, 2147483647),
(1514, 6, 2147483647),
(1515, 6, 2147483647),
(1516, 6, 2147483647),
(1517, 6, 2147483647),
(1518, 6, 2147483647),
(1519, 6, 2147483647),
(1520, 6, 2147483647),
(1521, 6, 2147483647),
(1522, 6, 2147483647),
(1523, 6, 2147483647),
(1524, 6, 2147483647),
(1525, 6, 2147483647),
(1526, 6, 2147483647),
(1527, 6, 2147483647),
(1528, 6, 2147483647),
(1529, 6, 2147483647),
(1530, 6, 2147483647),
(1531, 6, 2147483647),
(1532, 6, 2147483647),
(1533, 6, 2147483647),
(1534, 6, 2147483647),
(1535, 6, 2147483647),
(1536, 6, 2147483647),
(1537, 6, 2147483647),
(1538, 6, 2147483647),
(1539, 6, 2147483647),
(1540, 6, 2147483647),
(1541, 6, 2147483647),
(1542, 6, 2147483647),
(1543, 6, 2147483647),
(1544, 6, 2147483647),
(1545, 6, 2147483647),
(1546, 6, 2147483647),
(1547, 6, 2147483647),
(1548, 6, 2147483647),
(1549, 6, 2147483647),
(1550, 6, 2147483647),
(1551, 6, 2147483647),
(1552, 6, 2147483647),
(1553, 6, 2147483647),
(1554, 6, 2147483647),
(1555, 6, 2147483647),
(1556, 6, 2147483647),
(1557, 6, 2147483647),
(1558, 6, 2147483647),
(1559, 6, 2147483647),
(1560, 6, 2147483647);

-- --------------------------------------------------------

--
-- Table structure for table `enoncee`
--

CREATE TABLE IF NOT EXISTS `enoncee` (
  `id` int(11) NOT NULL AUTO_INCREMENT,
  `message` text NOT NULL,
  `messagewin` text NOT NULL,
  `sessionUniversitaire_id` int(11) NOT NULL,
  PRIMARY KEY (`id`),
  KEY `id` (`id`)
) ENGINE=InnoDB  DEFAULT CHARSET=latin1 AUTO_INCREMENT=5 ;

--
-- Dumping data for table `enoncee`
--

INSERT INTO `enoncee` (`id`, `message`, `messagewin`, `sessionUniversitaire_id`) VALUES
(1, 'Enonce numero 1', 'Ceci est le message de felicitation', 0),
(2, 'Saisir un texte ici.', 'Saisir un texte ici.', 13),
(3, 'creer classe point', 'Saisir un texte ici.bravo', 11),
(4, 'habalala', 'bravito', 11);

-- --------------------------------------------------------

--
-- Table structure for table `etudiants`
--

CREATE TABLE IF NOT EXISTS `etudiants` (
  `id` int(11) NOT NULL AUTO_INCREMENT,
  `user_id` int(11) NOT NULL,
  PRIMARY KEY (`id`),
  UNIQUE KEY `id` (`id`)
) ENGINE=InnoDB  DEFAULT CHARSET=latin1 AUTO_INCREMENT=3 ;

--
-- Dumping data for table `etudiants`
--

INSERT INTO `etudiants` (`id`, `user_id`) VALUES
(1, 18),
(2, 6);

-- --------------------------------------------------------

--
-- Table structure for table `evenement`
--

CREATE TABLE IF NOT EXISTS `evenement` (
  `id` int(11) NOT NULL AUTO_INCREMENT,
  `time` text NOT NULL,
  `file_id` int(11) NOT NULL,
  `from_l` int(11) NOT NULL,
  `from_c` int(11) NOT NULL,
  `to_l` int(11) NOT NULL,
  `to_c` int(11) NOT NULL,
  `text` text NOT NULL,
  `removed` text NOT NULL,
  PRIMARY KEY (`id`),
  KEY `id` (`id`)
) ENGINE=InnoDB  DEFAULT CHARSET=latin1 AUTO_INCREMENT=1112 ;

--
-- Dumping data for table `evenement`
--

INSERT INTO `evenement` (`id`, `time`, `file_id`, `from_l`, `from_c`, `to_l`, `to_c`, `text`, `removed`) VALUES
(1, '1456805525408', 18, 0, 0, 0, 0, '', ''),
(2, '1456805525519', 18, 0, 1, 0, 1, '', ''),
(3, '1456805525551', 18, 0, 2, 0, 2, '', ''),
(4, '1456805525572', 18, 0, 3, 0, 3, '', ''),
(5, '1456805525790', 18, 0, 4, 0, 4, '', ''),
(6, '1456805525895', 18, 0, 5, 0, 5, '', ''),
(7, '1456805525987', 18, 0, 6, 0, 6, '', ''),
(8, '1456805526116', 18, 0, 7, 0, 7, '', ''),
(9, '1456805526145', 18, 0, 8, 0, 8, '', ''),
(10, '1456805526530', 18, 0, 9, 0, 9, '', ''),
(11, '1456805526589', 18, 1, 0, 1, 0, '', ''),
(12, '1456805526682', 18, 1, 1, 1, 1, '', ''),
(13, '1456805526874', 18, 1, 2, 1, 2, '', ''),
(14, '1456805526969', 18, 1, 3, 1, 3, '', ''),
(15, '1456805527038', 18, 2, 0, 2, 0, '', ''),
(16, '1456805527174', 18, 2, 1, 2, 1, '', ''),
(17, '1456805527210', 18, 2, 2, 2, 2, '', ''),
(18, '1456805527291', 18, 3, 0, 3, 0, '', ''),
(19, '1456805527393', 18, 3, 1, 3, 1, '', ''),
(20, '1456805527418', 18, 3, 2, 3, 2, '', ''),
(21, '1456805527475', 18, 4, 0, 4, 0, '', ''),
(22, '1456805527595', 18, 4, 1, 4, 1, '', ''),
(23, '1456805527624', 18, 5, 0, 5, 0, '', ''),
(24, '1456805527723', 18, 5, 1, 5, 1, '', ''),
(25, '1456805527739', 18, 6, 0, 6, 0, '', ''),
(26, '1456805527779', 18, 6, 1, 6, 1, '', ''),
(27, '1456805527874', 18, 6, 2, 6, 2, '', ''),
(28, '1456805527908', 18, 7, 0, 7, 0, '', ''),
(29, '1456805528015', 18, 7, 1, 7, 1, '', ''),
(30, '1456805528173', 18, 8, 0, 8, 0, '', ''),
(31, '1456805528191', 18, 8, 1, 8, 1, '', ''),
(32, '1456805528267', 18, 9, 0, 9, 0, '', ''),
(33, '1456805528324', 18, 9, 1, 9, 1, '', ''),
(34, '1456805528364', 18, 10, 0, 10, 0, '', ''),
(35, '1456805528441', 18, 10, 1, 10, 1, '', ''),
(36, '1456805528580', 18, 10, 2, 10, 2, '', ''),
(37, '1456805528600', 18, 10, 3, 10, 3, '', ''),
(38, '1456805537851', 18, 0, 0, 10, 4, '', ''),
(39, '1456805540949', 18, 0, 0, 0, 0, '', ''),
(40, '1456805541052', 18, 0, 1, 0, 1, '', ''),
(41, '1456805541183', 18, 0, 2, 0, 2, '', ''),
(42, '1456805541353', 18, 0, 3, 0, 3, '', ''),
(43, '1456805541493', 18, 0, 4, 0, 4, '', ''),
(44, '1456805541596', 18, 0, 5, 0, 5, '', ''),
(45, '1456805546949', 18, 0, 0, 0, 6, '', ''),
(46, '1456805547049', 18, 0, 1, 0, 1, '', ''),
(47, '1456805547135', 18, 0, 2, 0, 2, '', ''),
(48, '1456805547232', 18, 0, 3, 0, 3, '', ''),
(49, '1456805547372', 18, 0, 4, 0, 4, '', ''),
(50, '1456805547608', 18, 0, 5, 0, 5, '', ''),
(51, '1456805547722', 18, 0, 6, 0, 6, '', ''),
(52, '1456805547859', 18, 0, 7, 0, 7, '', ''),
(53, '1456805548157', 18, 0, 8, 0, 8, '', ''),
(54, '1456805548371', 18, 0, 9, 0, 9, '', ''),
(55, '1456805548755', 18, 0, 10, 0, 10, '', ''),
(56, '1456805549200', 18, 0, 11, 0, 11, '', ''),
(57, '1456805549543', 18, 0, 12, 0, 12, '', ''),
(58, '1456805549544', 18, 1, 0, 1, 0, '', ''),
(59, '1456805549695', 18, 1, 4, 1, 4, '', ''),
(60, '1456805549695', 18, 2, 0, 2, 0, '', ''),
(61, '1456805550429', 18, 2, 4, 2, 4, '', ''),
(62, '1456805552444', 18, 2, 4, 2, 4, '', ''),
(63, '1456805555115', 18, 0, 6, 0, 7, '', ''),
(64, '1456805555262', 18, 0, 5, 0, 6, '', ''),
(65, '1456805555608', 18, 0, 5, 0, 5, '', ''),
(66, '1456805555741', 18, 0, 6, 0, 6, '', ''),
(67, '1456805557521', 18, 1, 4, 1, 4, '', ''),
(68, '1456805558489', 18, 1, 4, 1, 5, '', ''),
(69, '1456805559192', 18, 1, 3, 1, 4, '', ''),
(70, '1456805559867', 18, 1, 2, 1, 3, '', ''),
(71, '1456805560176', 18, 1, 1, 1, 2, '', ''),
(72, '1456805560601', 18, 1, 0, 1, 1, '', ''),
(73, '1456805561084', 18, 1, 0, 1, 0, '', ''),
(74, '1456805562492', 18, 1, 1, 1, 1, '', ''),
(75, '1456805562608', 18, 1, 2, 1, 2, '', ''),
(76, '1456805562828', 18, 1, 3, 1, 3, '', ''),
(77, '1456805562899', 18, 1, 4, 1, 4, '', ''),
(78, '1456805563139', 18, 1, 5, 1, 5, '', ''),
(79, '1456805563655', 18, 1, 6, 1, 6, '', ''),
(80, '1456805563787', 18, 1, 7, 1, 7, '', ''),
(81, '1456805564100', 18, 1, 8, 1, 8, '', ''),
(82, '1456805564522', 18, 1, 9, 1, 9, '', ''),
(83, '1456805566600', 18, 1, 8, 1, 8, '', ''),
(84, '1456805566747', 18, 1, 9, 1, 9, '', ''),
(85, '1456805568246', 18, 1, 9, 1, 9, '', ''),
(86, '1456805568309', 18, 1, 10, 1, 10, '', ''),
(87, '1456805568671', 18, 1, 11, 1, 11, '', ''),
(88, '1456805568836', 18, 1, 12, 1, 12, '', ''),
(89, '1456805569015', 18, 1, 13, 1, 13, '', ''),
(90, '1456805571531', 18, 2, 3, 2, 4, '', ''),
(91, '1456805571704', 18, 2, 2, 2, 3, '', ''),
(92, '1456805571888', 18, 2, 1, 2, 2, '', ''),
(93, '1456805572143', 18, 2, 0, 2, 1, '', ''),
(94, '1456805572530', 18, 1, 17, 2, 0, '', ''),
(95, '1456805607444', 18, 0, 0, 2, 0, '', ''),
(96, '1456805610713', 18, 0, 0, 0, 0, '', ''),
(97, '1456805610822', 18, 0, 1, 0, 1, '', ''),
(98, '1456805610909', 18, 0, 2, 0, 2, '', ''),
(99, '1456805611309', 18, 0, 3, 0, 3, '', ''),
(100, '1456805611502', 18, 0, 4, 0, 4, '', ''),
(101, '1456805612008', 18, 0, 5, 0, 5, '', ''),
(102, '1456805612115', 18, 0, 6, 0, 6, '', ''),
(103, '1456805612416', 18, 0, 7, 0, 7, '', ''),
(104, '1456805612614', 18, 0, 8, 0, 8, '', ''),
(105, '1456805613118', 18, 0, 9, 0, 9, '', ''),
(106, '1456805613209', 18, 0, 10, 0, 10, '', ''),
(107, '1456805613702', 18, 0, 11, 0, 11, '', ''),
(108, '1456805614092', 18, 0, 12, 0, 12, '', ''),
(109, '1456805614093', 18, 1, 0, 1, 0, '', ''),
(110, '1456805615137', 18, 1, 4, 1, 4, '', ''),
(111, '1456805615287', 18, 1, 5, 1, 5, '', ''),
(112, '1456805615505', 18, 1, 6, 1, 6, '', ''),
(113, '1456805615630', 18, 1, 7, 1, 7, '', ''),
(114, '1456805615786', 18, 1, 8, 1, 8, '', ''),
(115, '1456805616093', 18, 1, 9, 1, 9, '', ''),
(116, '1456805616230', 18, 1, 10, 1, 10, '', ''),
(117, '1456805616505', 18, 1, 11, 1, 11, '', ''),
(118, '1456805616935', 18, 1, 12, 1, 12, '', ''),
(119, '1456805617398', 18, 1, 13, 1, 13, '', ''),
(120, '1456805617399', 18, 2, 0, 2, 0, '', ''),
(121, '1456805618324', 18, 2, 3, 2, 4, '', ''),
(122, '1456805618831', 18, 2, 2, 2, 3, '', ''),
(123, '1456805619207', 18, 2, 1, 2, 2, '', ''),
(124, '1456805619554', 18, 2, 0, 2, 1, '', ''),
(125, '1456805620782', 18, 2, 0, 2, 0, '', ''),
(126, '1456805626851', 18, 1, 8, 1, 8, '', ''),
(127, '1456805627090', 18, 1, 9, 1, 9, '', ''),
(128, '1456805627202', 18, 1, 10, 1, 10, '', ''),
(129, '1456805627610', 18, 1, 11, 1, 11, '', ''),
(130, '1456805627724', 18, 1, 12, 1, 12, '', ''),
(131, '1456805627896', 18, 1, 13, 1, 13, '', ''),
(132, '1456805632162', 18, 1, 14, 1, 14, '', ''),
(133, '1456805852352', 20, 0, 0, 0, 0, '', ''),
(134, '1456805852464', 20, 0, 1, 0, 1, '', ''),
(135, '1456805852603', 20, 0, 2, 0, 2, '', ''),
(136, '1456805852749', 20, 0, 3, 0, 3, '', ''),
(137, '1456805852866', 20, 0, 4, 0, 4, '', ''),
(138, '1456805852919', 20, 0, 5, 0, 5, '', ''),
(139, '1456805869702', 18, 1, 4, 1, 5, '', ''),
(140, '1456805869914', 18, 1, 3, 1, 4, '', ''),
(141, '1456805874310', 18, 1, 3, 1, 3, '', ''),
(142, '1456805874434', 18, 1, 4, 1, 4, '', ''),
(143, '1456805909405', 26, 0, 0, 0, 0, '', ''),
(144, '1456805909728', 26, 0, 1, 0, 1, '', ''),
(145, '1456805909790', 26, 0, 2, 0, 2, '', ''),
(146, '1456805909945', 26, 0, 3, 0, 3, '', ''),
(147, '1456805910161', 26, 0, 4, 0, 4, '', ''),
(148, '1456805910170', 26, 0, 5, 0, 5, '', ''),
(149, '1456805910298', 26, 0, 6, 0, 6, '', ''),
(150, '1456805910425', 26, 0, 7, 0, 7, '', ''),
(151, '1456805910434', 26, 0, 8, 0, 8, '', ''),
(152, '1456805910550', 26, 0, 9, 0, 9, '', ''),
(153, '1456805910700', 26, 1, 0, 1, 0, '', ''),
(154, '1456805910789', 26, 1, 1, 1, 1, '', ''),
(155, '1456805910798', 26, 1, 2, 1, 2, '', ''),
(156, '1456805910901', 26, 1, 3, 1, 3, '', ''),
(157, '1456805910973', 26, 2, 0, 2, 0, '', ''),
(158, '1456805911091', 26, 2, 1, 2, 1, '', ''),
(159, '1456805911104', 26, 2, 2, 2, 2, '', ''),
(160, '1456805911248', 26, 2, 3, 2, 3, '', ''),
(161, '1456805911283', 26, 3, 0, 3, 0, '', ''),
(162, '1456805911433', 26, 3, 1, 3, 1, '', ''),
(163, '1456805911442', 26, 3, 2, 3, 2, '', ''),
(164, '1456805911493', 26, 3, 3, 3, 3, '', ''),
(165, '1456805911655', 26, 4, 0, 4, 0, '', ''),
(166, '1456805911825', 26, 4, 1, 4, 1, '', ''),
(167, '1456805911835', 26, 4, 2, 4, 2, '', ''),
(168, '1456805912014', 26, 4, 3, 4, 3, '', ''),
(169, '1456805912137', 26, 4, 4, 4, 4, '', ''),
(170, '1456805912166', 26, 4, 5, 4, 5, '', ''),
(171, '1456805912301', 26, 4, 6, 4, 6, '', ''),
(172, '1456805912485', 26, 4, 7, 4, 7, '', ''),
(173, '1456805919450', 26, 5, 0, 5, 0, '', ''),
(174, '1456805919504', 26, 5, 1, 5, 1, '', ''),
(175, '1456805919609', 26, 5, 2, 5, 2, '', ''),
(176, '1456805919698', 26, 5, 3, 5, 3, '', ''),
(177, '1456805919818', 26, 5, 4, 5, 4, '', ''),
(178, '1456805919857', 26, 5, 5, 5, 5, '', ''),
(179, '1456805920008', 26, 5, 6, 5, 6, '', ''),
(180, '1456805920114', 26, 5, 7, 5, 7, '', ''),
(181, '1456805920188', 26, 5, 8, 5, 8, '', ''),
(182, '1456805920300', 26, 5, 9, 5, 9, '', ''),
(183, '1456805920419', 26, 5, 10, 5, 10, '', ''),
(184, '1456805920493', 26, 5, 11, 5, 11, '', ''),
(185, '1456805920517', 26, 5, 12, 5, 12, '', ''),
(186, '1456805920600', 26, 5, 13, 5, 13, '', ''),
(187, '1456805920704', 26, 5, 14, 5, 14, '', ''),
(188, '1456805920730', 26, 5, 15, 5, 15, '', ''),
(189, '1456805920883', 26, 5, 16, 5, 16, '', ''),
(190, '1456805921058', 26, 5, 17, 5, 17, '', ''),
(191, '1456805921097', 26, 5, 18, 5, 18, '', ''),
(192, '1456805921210', 26, 5, 19, 5, 19, '', ''),
(193, '1456805921334', 26, 6, 0, 6, 0, '', ''),
(194, '1456805921402', 26, 6, 1, 6, 1, '', ''),
(195, '1456805921503', 26, 6, 2, 6, 2, '', ''),
(196, '1456805921512', 26, 6, 3, 6, 3, '', ''),
(197, '1456805921597', 26, 6, 4, 6, 4, '', ''),
(198, '1456805921619', 26, 6, 5, 6, 5, '', ''),
(199, '1456805921767', 26, 7, 0, 7, 0, '', ''),
(200, '1456805921815', 26, 7, 1, 7, 1, '', ''),
(201, '1456805921891', 26, 7, 2, 7, 2, '', ''),
(202, '1456805921961', 26, 7, 3, 7, 3, '', ''),
(203, '1456805921972', 26, 7, 4, 7, 4, '', ''),
(204, '1456805922092', 26, 8, 0, 8, 0, '', ''),
(205, '1456805922101', 26, 8, 1, 8, 1, '', ''),
(206, '1456805922155', 26, 8, 2, 8, 2, '', ''),
(207, '1456805922190', 26, 9, 0, 9, 0, '', ''),
(208, '1456805922257', 26, 9, 1, 9, 1, '', ''),
(209, '1456805922327', 26, 9, 2, 9, 2, '', ''),
(210, '1456805922383', 26, 10, 0, 10, 0, '', ''),
(211, '1456805922422', 26, 10, 1, 10, 1, '', ''),
(212, '1456805922451', 26, 10, 2, 10, 2, '', ''),
(213, '1456805922509', 26, 10, 3, 10, 3, '', ''),
(214, '1456805922574', 26, 11, 0, 11, 0, '', ''),
(215, '1456805922654', 26, 11, 1, 11, 1, '', ''),
(216, '1456805922696', 26, 12, 0, 12, 0, '', ''),
(217, '1456805922729', 26, 12, 1, 12, 1, '', ''),
(218, '1456805922823', 26, 12, 2, 12, 2, '', ''),
(219, '1456805922866', 26, 13, 0, 13, 0, '', ''),
(220, '1456805922991', 26, 13, 1, 13, 1, '', ''),
(221, '1456805923022', 26, 14, 0, 14, 0, '', ''),
(222, '1456805923037', 26, 14, 1, 14, 1, '', ''),
(223, '1456805923096', 26, 14, 2, 14, 2, '', ''),
(224, '1456805923215', 26, 14, 3, 14, 3, '', ''),
(225, '1456806734721', 25, 0, 0, 0, 0, '', ''),
(226, '1456806734778', 25, 0, 1, 0, 1, '', ''),
(227, '1456806734830', 25, 0, 2, 0, 2, '', ''),
(228, '1456806734899', 25, 0, 3, 0, 3, '', ''),
(229, '1456806735015', 25, 0, 4, 0, 4, '', ''),
(230, '1456806735111', 25, 0, 5, 0, 5, '', ''),
(231, '1456807066684', 21, 0, 0, 0, 0, '', ''),
(232, '1456807066819', 21, 0, 1, 0, 1, '', ''),
(233, '1456807066918', 21, 0, 2, 0, 2, '', ''),
(234, '1456807067056', 21, 0, 3, 0, 3, '', ''),
(235, '1456807067160', 21, 0, 4, 0, 4, '', ''),
(236, '1456807067275', 21, 0, 5, 0, 5, '', ''),
(237, '1456932251295', 27, 0, 0, 0, 0, '', ''),
(238, '1456932251354', 27, 0, 1, 0, 1, '', ''),
(239, '1456932251428', 27, 0, 2, 0, 2, '', ''),
(240, '1456932251633', 27, 0, 3, 0, 3, '', ''),
(241, '1456932251754', 27, 0, 4, 0, 4, '', ''),
(242, '1456932251855', 27, 0, 5, 0, 5, '', ''),
(243, '1456932258356', 27, 0, 6, 0, 6, '', ''),
(244, '1456932259678', 27, 1, 0, 1, 0, '', ''),
(245, '1456932259843', 27, 1, 1, 1, 1, '', ''),
(246, '1456932259900', 27, 1, 2, 1, 2, '', ''),
(247, '1456932260159', 27, 1, 3, 1, 3, '', ''),
(248, '1456932260413', 27, 1, 4, 1, 4, '', ''),
(249, '1456932261750', 27, 1, 5, 1, 5, '', ''),
(250, '1456932261876', 27, 1, 6, 1, 6, '', ''),
(251, '1456932262108', 27, 1, 7, 1, 7, '', ''),
(252, '1456932262200', 27, 1, 8, 1, 8, '', ''),
(253, '1456932262370', 27, 1, 9, 1, 9, '', ''),
(254, '1456932262797', 27, 1, 10, 1, 10, '', ''),
(255, '1456932263432', 27, 1, 11, 1, 11, '', ''),
(256, '1456932263926', 27, 1, 12, 1, 12, '', ''),
(257, '1456932264182', 27, 1, 13, 1, 13, '', ''),
(258, '1456932267423', 27, 1, 13, 1, 13, '', ''),
(259, '1456932267536', 27, 1, 14, 1, 14, '', ''),
(260, '1456932267766', 27, 1, 15, 1, 15, '', ''),
(261, '1456932268025', 27, 1, 16, 1, 16, '', ''),
(262, '1456932268256', 27, 1, 17, 1, 17, '', ''),
(263, '1456932268390', 27, 1, 18, 1, 18, '', ''),
(264, '1456932268586', 27, 1, 19, 1, 19, '', ''),
(265, '1456932271011', 27, 1, 21, 1, 21, '', ''),
(266, '1456932271675', 27, 1, 22, 1, 22, '', ''),
(267, '1456932357289', 27, 1, 23, 1, 23, '', ''),
(268, '1456932385730', 27, 2, 0, 2, 0, '', ''),
(269, '1456932385766', 27, 2, 1, 2, 1, '', ''),
(270, '1456932385777', 27, 2, 2, 2, 2, '', ''),
(271, '1456932386778', 27, 2, 2, 2, 3, '', ''),
(272, '1456932386923', 27, 2, 1, 2, 2, '', ''),
(273, '1456932387069', 27, 2, 0, 2, 1, '', ''),
(274, '1456932388140', 27, 2, 0, 2, 0, '', ''),
(275, '1456932389141', 27, 3, 0, 3, 0, '', ''),
(276, '1456932389141', 27, 2, 1, 2, 1, '', ''),
(277, '1456932390024', 27, 3, 4, 3, 4, '', ''),
(278, '1456932390079', 27, 3, 5, 3, 5, '', ''),
(279, '1456932390120', 27, 3, 6, 3, 6, '', ''),
(280, '1456932390208', 27, 3, 7, 3, 7, '', ''),
(281, '1456932390353', 27, 3, 8, 3, 8, '', ''),
(282, '1456932390364', 27, 3, 9, 3, 9, '', ''),
(283, '1456932390544', 27, 3, 10, 3, 10, '', ''),
(284, '1456932390694', 27, 3, 11, 3, 11, '', ''),
(285, '1456932390705', 27, 3, 12, 3, 12, '', ''),
(286, '1456932390865', 27, 3, 13, 3, 13, '', ''),
(287, '1456932390994', 27, 3, 14, 3, 14, '', ''),
(288, '1456932391015', 27, 3, 15, 3, 15, '', ''),
(289, '1456932391291', 27, 3, 16, 3, 16, '', ''),
(290, '1456932391292', 27, 4, 0, 4, 0, '', ''),
(291, '1456932392435', 27, 4, 4, 4, 4, '', ''),
(292, '1456932402550', 27, 3, 0, 4, 1, '', ''),
(293, '1456932435353', 27, 1, 8, 1, 8, '', ''),
(294, '1456932486319', 30, 0, 0, 0, 0, '', ''),
(295, '1456932486489', 30, 0, 1, 0, 1, '', ''),
(296, '1456932486597', 30, 0, 2, 0, 2, '', ''),
(297, '1456932486641', 30, 0, 3, 0, 3, '', ''),
(298, '1456932486785', 30, 0, 4, 0, 4, '', ''),
(299, '1456932486861', 30, 0, 5, 0, 5, '', ''),
(300, '1456932502067', 31, 0, 0, 0, 0, '', ''),
(301, '1456932502142', 31, 0, 1, 0, 1, '', ''),
(302, '1456932502248', 31, 0, 2, 0, 2, '', ''),
(303, '1456932502428', 31, 0, 3, 0, 3, '', ''),
(304, '1456932502441', 31, 0, 4, 0, 4, '', ''),
(305, '1456932502539', 31, 0, 5, 0, 5, '', ''),
(306, '1456932902319', 32, 0, 0, 0, 0, '', ''),
(307, '1456932902469', 32, 0, 1, 0, 1, '', ''),
(308, '1456932902569', 32, 0, 2, 0, 2, '', ''),
(309, '1456932902626', 32, 0, 3, 0, 3, '', ''),
(310, '1456932902781', 32, 0, 4, 0, 4, '', ''),
(311, '1456932902913', 32, 0, 5, 0, 5, '', ''),
(312, '1456932957401', 31, 0, 6, 0, 6, '', ''),
(313, '1456933297997', 27, 1, 8, 1, 9, '', ''),
(314, '1456933302920', 27, 2, 0, 2, 0, '', ''),
(315, '1456933303359', 27, 2, 1, 2, 1, '', ''),
(316, '1456933303598', 27, 2, 2, 2, 2, '', ''),
(317, '1456933303795', 27, 2, 3, 2, 3, '', ''),
(318, '1456933303896', 27, 2, 4, 2, 4, '', ''),
(319, '1456933304131', 27, 2, 5, 2, 5, '', ''),
(320, '1456933304602', 27, 2, 6, 2, 6, '', ''),
(321, '1456933304908', 27, 2, 7, 2, 7, '', ''),
(322, '1456933305645', 27, 2, 8, 2, 8, '', ''),
(323, '1456933306003', 27, 2, 9, 2, 9, '', ''),
(324, '1456933306891', 27, 2, 9, 2, 10, '', ''),
(325, '1456933307920', 27, 2, 9, 2, 9, '', ''),
(326, '1456933308012', 27, 2, 10, 2, 10, '', ''),
(327, '1456933308097', 27, 2, 11, 2, 11, '', ''),
(328, '1456933308172', 27, 2, 12, 2, 12, '', ''),
(329, '1456933308316', 27, 2, 13, 2, 13, '', ''),
(330, '1456933308415', 27, 2, 14, 2, 14, '', ''),
(331, '1456933309391', 27, 2, 15, 2, 15, '', ''),
(332, '1456933310512', 27, 2, 16, 2, 16, '', ''),
(333, '1456933311159', 27, 2, 17, 2, 17, '', ''),
(334, '1456933351675', 27, 3, 1, 3, 1, '', ''),
(335, '1456933351677', 27, 4, 0, 4, 0, '', ''),
(336, '1456962653261', 33, 0, 0, 0, 0, '', ''),
(337, '1456962653389', 33, 0, 1, 0, 1, '', ''),
(338, '1456962653487', 33, 0, 2, 0, 2, '', ''),
(339, '1456962653600', 33, 0, 3, 0, 3, '', ''),
(340, '1456962653681', 33, 0, 4, 0, 4, '', ''),
(341, '1456962653796', 33, 0, 5, 0, 5, '', ''),
(342, '1457010358813', 35, 0, 0, 0, 0, '', ''),
(343, '1457010358999', 35, 0, 1, 0, 1, '', ''),
(344, '1457010359071', 35, 0, 2, 0, 2, '', ''),
(345, '1457010359128', 35, 0, 3, 0, 3, '', ''),
(346, '1457010359279', 35, 0, 4, 0, 4, '', ''),
(347, '1457010359353', 35, 0, 5, 0, 5, '', ''),
(348, '1457015551357', 36, 0, 0, 0, 0, '', ''),
(349, '1457015551430', 36, 0, 1, 0, 1, '', ''),
(350, '1457015551497', 36, 0, 2, 0, 2, '', ''),
(351, '1457015551573', 36, 0, 3, 0, 3, '', ''),
(352, '1457015551700', 36, 0, 4, 0, 4, '', ''),
(353, '1457015551795', 36, 0, 5, 0, 5, '', ''),
(354, '1457015551955', 36, 0, 6, 0, 6, '', ''),
(355, '1457015552062', 36, 0, 7, 0, 7, '', ''),
(356, '1457015552128', 36, 0, 8, 0, 8, '', ''),
(357, '1457015552167', 36, 0, 9, 0, 9, '', ''),
(358, '1457015552337', 36, 0, 10, 0, 10, '', ''),
(359, '1457015552431', 36, 0, 11, 0, 11, '', ''),
(360, '1457015552445', 36, 0, 12, 0, 12, '', ''),
(361, '1457015552611', 36, 0, 13, 0, 13, '', ''),
(362, '1457015552696', 36, 0, 14, 0, 14, '', ''),
(363, '1457015552741', 36, 0, 15, 0, 15, '', ''),
(364, '1457015552900', 36, 0, 16, 0, 16, '', ''),
(365, '1457015552935', 36, 0, 17, 0, 17, '', ''),
(366, '1457015553046', 36, 0, 18, 0, 18, '', ''),
(367, '1457015553102', 36, 0, 19, 0, 19, '', ''),
(368, '1457015553223', 36, 0, 20, 0, 20, '', ''),
(369, '1457015553285', 36, 0, 21, 0, 21, '', ''),
(370, '1457015553322', 36, 0, 22, 0, 22, '', ''),
(371, '1457015553456', 36, 0, 23, 0, 23, '', ''),
(372, '1457016246478', 37, 0, 0, 0, 0, '', ''),
(373, '1457016246572', 37, 0, 1, 0, 1, '', ''),
(374, '1457016246682', 37, 0, 2, 0, 2, '', ''),
(375, '1457016246769', 37, 0, 3, 0, 3, '', ''),
(376, '1457016246892', 37, 0, 4, 0, 4, '', ''),
(377, '1457016246970', 37, 0, 5, 0, 5, '', ''),
(378, '1457016252281', 37, 0, 2, 0, 2, '', ''),
(379, '1457016252374', 37, 0, 3, 0, 3, '', ''),
(380, '1457016252630', 37, 0, 4, 0, 4, '', ''),
(381, '1457016252756', 37, 0, 5, 0, 5, '', ''),
(382, '1457016548238', 38, 0, 0, 0, 0, '', ''),
(383, '1457016548317', 38, 0, 1, 0, 1, '', ''),
(384, '1457016548436', 38, 0, 2, 0, 2, '', ''),
(385, '1457016548588', 38, 0, 3, 0, 3, '', ''),
(386, '1457016548704', 38, 0, 4, 0, 4, '', ''),
(387, '1457016548782', 38, 0, 5, 0, 5, '', ''),
(388, '1457016549397', 38, 0, 6, 0, 6, '', ''),
(389, '1457017339805', 38, 1, 0, 1, 0, '', ''),
(390, '1457017340022', 38, 1, 1, 1, 1, '', ''),
(391, '1457017340276', 38, 1, 2, 1, 2, '', ''),
(392, '1457017340471', 38, 1, 3, 1, 3, '', ''),
(393, '1457017340731', 38, 1, 4, 1, 4, '', ''),
(394, '1458500173027', 40, 0, 0, 0, 0, '', ''),
(395, '1458500173187', 40, 0, 1, 0, 1, '', ''),
(396, '1458500173334', 40, 0, 2, 0, 2, '', ''),
(397, '1458500173445', 40, 0, 3, 0, 3, '', ''),
(398, '1458500173630', 40, 0, 4, 0, 4, '', ''),
(399, '1458500173735', 40, 0, 5, 0, 5, '', ''),
(400, '1458500174230', 40, 0, 6, 0, 6, '', ''),
(401, '1458500174542', 40, 0, 7, 0, 7, '', ''),
(402, '1458500174853', 40, 0, 8, 0, 8, '', ''),
(403, '1458500188393', 41, 0, 0, 0, 0, '', ''),
(404, '1458500188526', 41, 0, 1, 0, 1, '', ''),
(405, '1458500188648', 41, 0, 2, 0, 2, '', ''),
(406, '1458500189071', 41, 0, 3, 0, 3, '', ''),
(407, '1458500189556', 41, 0, 4, 0, 4, '', ''),
(408, '1458500189782', 41, 0, 5, 0, 5, '', ''),
(409, '1458500218997', 40, 0, 8, 0, 9, '', ''),
(410, '1458500219153', 40, 0, 7, 0, 8, '', ''),
(411, '1458500219303', 40, 0, 6, 0, 7, '', ''),
(412, '1458500219452', 40, 0, 5, 0, 6, '', ''),
(413, '1458500219612', 40, 0, 4, 0, 5, '', ''),
(414, '1458500219758', 40, 0, 3, 0, 4, '', ''),
(415, '1458500219929', 40, 0, 2, 0, 3, '', ''),
(416, '1458500220079', 40, 0, 1, 0, 2, '', ''),
(417, '1458500220220', 40, 0, 0, 0, 1, '', ''),
(418, '1458500222137', 40, 0, 0, 0, 0, '', ''),
(419, '1458500222246', 40, 0, 1, 0, 1, '', ''),
(420, '1458500222931', 40, 0, 1, 0, 2, '', ''),
(421, '1458500223087', 40, 0, 0, 0, 1, '', ''),
(422, '1458500223848', 40, 0, 0, 0, 0, '', ''),
(423, '1458500223936', 40, 0, 1, 0, 1, '', ''),
(424, '1458500224141', 40, 0, 2, 0, 2, '', ''),
(425, '1458500224370', 40, 0, 3, 0, 3, '', ''),
(426, '1458500224503', 40, 0, 4, 0, 4, '', ''),
(427, '1458500225342', 40, 0, 5, 0, 5, '', ''),
(428, '1458500225728', 40, 0, 6, 0, 6, '', ''),
(429, '1458500225877', 40, 0, 7, 0, 7, '', ''),
(430, '1458500227080', 40, 0, 7, 0, 7, '', ''),
(431, '1458500227272', 40, 0, 8, 0, 8, '', ''),
(432, '1458500227376', 40, 0, 9, 0, 9, '', ''),
(433, '1458500227569', 40, 0, 10, 0, 10, '', ''),
(434, '1458500227783', 40, 0, 11, 0, 11, '', ''),
(435, '1458500227885', 40, 0, 12, 0, 12, '', ''),
(436, '1458500236001', 40, 0, 0, 0, 0, '', ''),
(437, '1458500236139', 40, 0, 1, 0, 1, '', ''),
(438, '1458500236327', 40, 0, 2, 0, 2, '', ''),
(439, '1458500236561', 40, 0, 3, 0, 3, '', ''),
(440, '1458500236967', 40, 0, 4, 0, 4, '', ''),
(441, '1458500237217', 40, 0, 5, 0, 5, '', ''),
(442, '1458500237474', 40, 0, 6, 0, 6, '', ''),
(443, '1458500237579', 40, 0, 7, 0, 7, '', ''),
(444, '1458500237867', 40, 0, 8, 0, 8, '', ''),
(445, '1458500238200', 40, 0, 9, 0, 9, '', ''),
(446, '1458500238318', 40, 0, 10, 0, 10, '', ''),
(447, '1458500238491', 40, 0, 11, 0, 11, '', ''),
(448, '1458500238743', 40, 0, 12, 0, 12, '', ''),
(449, '1458500238902', 40, 0, 13, 0, 13, '', ''),
(450, '1458500239382', 40, 0, 14, 0, 14, '', ''),
(451, '1458500241508', 40, 0, 15, 0, 15, '', ''),
(452, '1458500241757', 40, 0, 16, 0, 16, '', ''),
(453, '1458500242844', 40, 0, 17, 0, 17, '', ''),
(454, '1458500243839', 40, 0, 18, 0, 18, '', ''),
(455, '1458500244275', 40, 0, 19, 0, 19, '', ''),
(456, '1458500244275', 40, 1, 0, 1, 0, '', ''),
(457, '1458500249661', 40, 1, 18, 1, 18, '', ''),
(458, '1458500250724', 40, 1, 19, 1, 19, '', ''),
(459, '1458500252532', 40, 1, 17, 1, 17, '', ''),
(460, '1458500256914', 40, 0, 19, 0, 19, '', ''),
(461, '1458500256914', 40, 1, 0, 1, 0, '', ''),
(462, '1458500263015', 40, 1, 0, 1, 8, '', ''),
(463, '1458500266975', 40, 0, 33, 1, 0, '', ''),
(464, '1458500276003', 40, 0, 0, 0, 0, '', ''),
(465, '1458500276099', 40, 0, 1, 0, 1, '', ''),
(466, '1458500276219', 40, 0, 2, 0, 2, '', ''),
(467, '1458500279205', 40, 0, 3, 0, 3, '', ''),
(468, '1458500279403', 40, 0, 4, 0, 4, '', ''),
(469, '1458500279531', 40, 0, 5, 0, 5, '', ''),
(470, '1458500279871', 40, 0, 6, 0, 6, '', ''),
(471, '1458500279960', 40, 0, 7, 0, 7, '', ''),
(472, '1458500280153', 40, 0, 8, 0, 8, '', ''),
(473, '1458500280424', 40, 0, 9, 0, 9, '', ''),
(474, '1458500280534', 40, 0, 10, 0, 10, '', ''),
(475, '1458500280692', 40, 0, 11, 0, 11, '', ''),
(476, '1458500280882', 40, 0, 12, 0, 12, '', ''),
(477, '1458500280995', 40, 0, 13, 0, 13, '', ''),
(478, '1458500281352', 40, 0, 14, 0, 14, '', ''),
(479, '1458500282029', 40, 0, 15, 0, 15, '', ''),
(480, '1458500282218', 40, 0, 16, 0, 16, '', ''),
(481, '1458500283235', 40, 0, 17, 0, 17, '', ''),
(482, '1458500283705', 40, 0, 18, 0, 18, '', ''),
(483, '1458500286885', 40, 0, 19, 0, 19, '', ''),
(484, '1458500286885', 40, 1, 0, 1, 0, '', ''),
(485, '1458500289445', 40, 1, 4, 1, 4, '', ''),
(486, '1458500289547', 40, 1, 5, 1, 5, '', ''),
(487, '1458500289731', 40, 1, 6, 1, 6, '', ''),
(488, '1458500289839', 40, 1, 7, 1, 7, '', ''),
(489, '1458500290034', 40, 1, 8, 1, 8, '', ''),
(490, '1458500295718', 40, 1, 9, 1, 9, '', ''),
(491, '1458500296071', 40, 1, 10, 1, 10, '', ''),
(492, '1458500296538', 40, 1, 11, 1, 11, '', ''),
(493, '1458500297175', 40, 1, 12, 1, 12, '', ''),
(494, '1458500297578', 40, 1, 13, 1, 13, '', ''),
(495, '1458500298577', 40, 1, 14, 1, 14, '', ''),
(496, '1458500299944', 40, 1, 15, 1, 15, '', ''),
(497, '1458500300244', 40, 1, 16, 1, 16, '', ''),
(498, '1458500300378', 40, 1, 17, 1, 17, '', ''),
(499, '1458500300451', 40, 1, 18, 1, 18, '', ''),
(500, '1458500300578', 40, 1, 19, 1, 19, '', ''),
(501, '1458500300729', 40, 1, 20, 1, 20, '', ''),
(502, '1458500300820', 40, 1, 21, 1, 21, '', ''),
(503, '1458500301776', 40, 1, 22, 1, 22, '', ''),
(504, '1458500319016', 40, 1, 10, 1, 10, '', ''),
(505, '1458500319164', 40, 1, 11, 1, 11, '', ''),
(506, '1458500319468', 40, 1, 12, 1, 12, '', ''),
(507, '1458500319728', 40, 1, 13, 1, 13, '', ''),
(508, '1458500321196', 40, 1, 15, 1, 15, '', ''),
(509, '1458500335882', 40, 0, 17, 0, 17, '', ''),
(510, '1458500351078', 40, 0, 18, 0, 19, '', ''),
(511, '1458500367717', 41, 0, 0, 0, 5, '', ''),
(512, '1458500367886', 41, 0, 1, 0, 1, '', ''),
(513, '1458500368021', 41, 0, 2, 0, 2, '', ''),
(514, '1458500368101', 41, 0, 3, 0, 3, '', ''),
(515, '1458500368230', 41, 0, 4, 0, 4, '', ''),
(516, '1458500368357', 41, 0, 5, 0, 5, '', ''),
(517, '1458500368972', 41, 0, 6, 0, 6, '', ''),
(518, '1458500370680', 41, 0, 7, 0, 7, '', ''),
(519, '1458500371568', 41, 0, 7, 0, 7, '', ''),
(520, '1458500371681', 41, 0, 8, 0, 8, '', ''),
(521, '1458500371894', 41, 0, 9, 0, 9, '', ''),
(522, '1458500372123', 41, 0, 10, 0, 10, '', ''),
(523, '1458500372429', 41, 0, 11, 0, 11, '', ''),
(524, '1458506247170', 41, 0, 12, 0, 12, '', ''),
(525, '1458506685396', 40, 0, 18, 0, 18, '', ''),
(526, '1458508827997', 42, 0, 0, 0, 0, '', ''),
(527, '1458508828106', 42, 0, 1, 0, 1, '', ''),
(528, '1458508828272', 42, 0, 2, 0, 2, '', ''),
(529, '1458508828385', 42, 0, 3, 0, 3, '', ''),
(530, '1458508828546', 42, 0, 4, 0, 4, '', ''),
(531, '1458508828674', 42, 0, 5, 0, 5, '', ''),
(532, '1458508829345', 42, 0, 6, 0, 6, '', ''),
(533, '1458508829770', 42, 0, 7, 0, 7, '', ''),
(534, '1458508829904', 42, 0, 8, 0, 8, '', ''),
(535, '1458508829980', 42, 0, 9, 0, 9, '', ''),
(536, '1458508831040', 42, 0, 10, 0, 10, '', ''),
(537, '1458509564536', 43, 0, 0, 0, 0, '', ''),
(538, '1458509564669', 43, 0, 1, 0, 1, '', ''),
(539, '1458509565075', 43, 0, 2, 0, 2, '', ''),
(540, '1458509565434', 43, 0, 3, 0, 3, '', ''),
(541, '1458509565551', 43, 0, 4, 0, 4, '', ''),
(542, '1458509566740', 43, 0, 5, 0, 5, '', ''),
(543, '1458509567292', 43, 0, 6, 0, 6, '', ''),
(544, '1458509567358', 43, 0, 7, 0, 7, '', ''),
(545, '1458509567581', 43, 0, 8, 0, 8, '', ''),
(546, '1458509567825', 43, 0, 9, 0, 9, '', ''),
(547, '1458509568125', 43, 0, 10, 0, 10, '', ''),
(548, '1458509568927', 43, 0, 11, 0, 11, '', ''),
(549, '1458509569328', 43, 0, 12, 0, 12, '', ''),
(550, '1458509569328', 43, 1, 0, 1, 0, '', ''),
(551, '1458509572044', 43, 1, 4, 1, 4, '', ''),
(552, '1458509572175', 43, 1, 5, 1, 5, '', ''),
(553, '1458509572476', 43, 1, 6, 1, 6, '', ''),
(554, '1458509572866', 43, 1, 7, 1, 7, '', ''),
(555, '1458509573197', 43, 1, 8, 1, 8, '', ''),
(556, '1458509573327', 43, 1, 9, 1, 9, '', ''),
(557, '1458509573631', 43, 1, 10, 1, 10, '', ''),
(558, '1458509573806', 43, 1, 11, 1, 11, '', ''),
(559, '1458509574103', 43, 1, 12, 1, 12, '', ''),
(560, '1458509574411', 43, 1, 13, 1, 13, '', ''),
(561, '1458509575928', 43, 1, 14, 1, 14, '', ''),
(562, '1458509576053', 43, 1, 15, 1, 15, '', ''),
(563, '1458509576572', 43, 1, 16, 1, 16, '', ''),
(564, '1458509577077', 43, 1, 17, 1, 17, '', ''),
(565, '1458509577566', 43, 1, 18, 1, 18, '', ''),
(566, '1458509594084', 43, 0, 0, 1, 19, '', ''),
(567, '1458509594426', 43, 0, 1, 0, 1, '', ''),
(568, '1458509594843', 43, 0, 2, 0, 2, '', ''),
(569, '1458509594956', 43, 0, 3, 0, 3, '', ''),
(570, '1458509595258', 43, 0, 4, 0, 4, '', ''),
(571, '1458509603437', 43, 0, 0, 0, 0, '', ''),
(572, '1458509606912', 43, 0, 5, 0, 5, '', ''),
(573, '1458509607381', 43, 0, 6, 0, 6, '', ''),
(574, '1458509607786', 43, 0, 7, 0, 7, '', ''),
(575, '1458509608165', 43, 0, 8, 0, 8, '', ''),
(576, '1458509608290', 43, 0, 9, 0, 9, '', ''),
(577, '1458509608630', 43, 0, 10, 0, 10, '', ''),
(578, '1458509609034', 43, 0, 11, 0, 11, '', ''),
(579, '1458509609150', 43, 0, 12, 0, 12, '', ''),
(580, '1458509610253', 43, 0, 13, 0, 13, '', ''),
(581, '1458509622577', 43, 0, 14, 0, 14, '', ''),
(582, '1458509625670', 43, 0, 15, 0, 15, '', ''),
(583, '1458509625775', 43, 0, 16, 0, 16, '', ''),
(584, '1458509625999', 43, 0, 17, 0, 17, '', ''),
(585, '1458509627070', 43, 0, 18, 0, 18, '', ''),
(586, '1458509627586', 43, 0, 19, 0, 19, '', ''),
(587, '1458509628158', 43, 0, 20, 0, 20, '', ''),
(588, '1458509645582', 43, 0, 19, 0, 20, '', ''),
(589, '1458509646069', 43, 0, 19, 0, 19, '', ''),
(590, '1458509772330', 44, 0, 0, 0, 0, '', ''),
(591, '1458509772554', 44, 0, 1, 0, 1, '', ''),
(592, '1458509772956', 44, 0, 2, 0, 2, '', ''),
(593, '1458510252198', 46, 0, 0, 0, 0, '', ''),
(594, '1458510252292', 46, 0, 1, 0, 1, '', ''),
(595, '1458510252515', 46, 0, 2, 0, 2, '', ''),
(596, '1458510252857', 46, 0, 3, 0, 3, '', ''),
(597, '1458510254559', 46, 0, 4, 0, 4, '', ''),
(598, '1458510255279', 46, 0, 5, 0, 5, '', ''),
(599, '1458510258687', 46, 0, 6, 0, 6, '', ''),
(600, '1458510258792', 46, 0, 7, 0, 7, '', ''),
(601, '1458510261529', 46, 0, 8, 0, 8, '', ''),
(602, '1458510261644', 46, 0, 9, 0, 9, '', ''),
(603, '1458510261779', 46, 0, 10, 0, 10, '', ''),
(604, '1458510263127', 46, 0, 11, 0, 11, '', ''),
(605, '1458510264564', 46, 0, 12, 0, 12, '', ''),
(606, '1458510265231', 46, 0, 13, 0, 13, '', ''),
(607, '1458510265231', 46, 1, 0, 1, 0, '', ''),
(608, '1458510265539', 46, 1, 4, 1, 4, '', ''),
(609, '1458510266234', 46, 1, 4, 1, 5, '', ''),
(610, '1458510267515', 46, 1, 4, 1, 4, '', ''),
(611, '1458510267766', 46, 1, 5, 1, 5, '', ''),
(612, '1458510267926', 46, 1, 6, 1, 6, '', ''),
(613, '1458510268780', 46, 1, 7, 1, 7, '', ''),
(614, '1458510269388', 46, 1, 8, 1, 8, '', ''),
(615, '1458510271336', 46, 1, 9, 1, 9, '', ''),
(616, '1458510272460', 46, 1, 9, 1, 10, '', ''),
(617, '1458510272596', 46, 1, 8, 1, 9, '', ''),
(618, '1458510274530', 46, 1, 8, 1, 8, '', ''),
(619, '1458510274675', 46, 1, 9, 1, 9, '', ''),
(620, '1458510274878', 46, 1, 10, 1, 10, '', ''),
(621, '1458510274996', 46, 1, 11, 1, 11, '', ''),
(622, '1458510275153', 46, 1, 12, 1, 12, '', ''),
(623, '1458510275637', 46, 1, 13, 1, 13, '', ''),
(624, '1458510275970', 46, 1, 14, 1, 14, '', ''),
(625, '1458510276177', 46, 1, 15, 1, 15, '', ''),
(626, '1458510276564', 46, 1, 16, 1, 16, '', ''),
(627, '1458510276919', 46, 1, 17, 1, 17, '', ''),
(628, '1458510277090', 46, 1, 18, 1, 18, '', ''),
(629, '1458510277458', 46, 1, 19, 1, 19, '', ''),
(630, '1458510277808', 46, 1, 20, 1, 20, '', ''),
(631, '1458510277936', 46, 1, 21, 1, 21, '', ''),
(632, '1458510278211', 46, 1, 22, 1, 22, '', ''),
(633, '1458510278852', 46, 1, 23, 1, 23, '', ''),
(634, '1458510278852', 46, 2, 0, 2, 0, '', ''),
(635, '1458510279374', 46, 2, 3, 2, 4, '', ''),
(636, '1458510279849', 46, 2, 2, 2, 3, '', ''),
(637, '1458510280160', 46, 2, 1, 2, 2, '', ''),
(638, '1458510280499', 46, 2, 0, 2, 1, '', ''),
(639, '1458510284461', 46, 2, 0, 2, 0, '', ''),
(640, '1458510284571', 46, 2, 1, 2, 1, '', ''),
(641, '1458510284765', 46, 2, 2, 2, 2, '', ''),
(642, '1458510284853', 46, 2, 3, 2, 3, '', ''),
(643, '1458510285009', 46, 2, 4, 2, 4, '', ''),
(644, '1458510285475', 46, 2, 5, 2, 5, '', ''),
(645, '1458510285805', 46, 2, 6, 2, 6, '', ''),
(646, '1458510286432', 46, 2, 7, 2, 7, '', ''),
(647, '1458510286552', 46, 2, 8, 2, 8, '', ''),
(648, '1458510287925', 46, 2, 9, 2, 9, '', ''),
(649, '1458510288046', 46, 2, 10, 2, 10, '', ''),
(650, '1458510288246', 46, 2, 11, 2, 11, '', ''),
(651, '1458510288361', 46, 2, 12, 2, 12, '', ''),
(652, '1458510288529', 46, 2, 13, 2, 13, '', ''),
(653, '1458510289891', 46, 2, 14, 2, 14, '', ''),
(654, '1458510290230', 46, 2, 15, 2, 15, '', ''),
(655, '1458510290585', 46, 2, 16, 2, 16, '', ''),
(656, '1458510290586', 46, 3, 0, 3, 0, '', ''),
(657, '1458510290960', 46, 3, 4, 3, 4, '', ''),
(658, '1458510291522', 46, 3, 4, 3, 5, '', ''),
(659, '1458510292751', 46, 3, 4, 3, 4, '', ''),
(660, '1458510292894', 46, 3, 5, 3, 5, '', ''),
(661, '1458510293050', 46, 3, 6, 3, 6, '', ''),
(662, '1458510293270', 46, 3, 7, 3, 7, '', ''),
(663, '1458510294188', 46, 3, 8, 3, 8, '', ''),
(664, '1458510294793', 46, 3, 8, 3, 9, '', ''),
(665, '1458510295582', 46, 3, 8, 3, 8, '', ''),
(666, '1458510295948', 46, 3, 9, 3, 9, '', ''),
(667, '1458510296130', 46, 3, 10, 3, 10, '', ''),
(668, '1458510296414', 46, 3, 11, 3, 11, '', ''),
(669, '1458510296552', 46, 3, 12, 3, 12, '', ''),
(670, '1458510296734', 46, 3, 13, 3, 13, '', ''),
(671, '1458510296846', 46, 3, 14, 3, 14, '', ''),
(672, '1458510296975', 46, 3, 15, 3, 15, '', ''),
(673, '1458510297526', 46, 3, 16, 3, 16, '', ''),
(674, '1458510297816', 46, 3, 17, 3, 17, '', ''),
(675, '1458510299684', 46, 3, 18, 3, 18, '', ''),
(676, '1458510300067', 46, 3, 19, 3, 19, '', ''),
(677, '1458510300423', 46, 3, 20, 3, 20, '', ''),
(678, '1458510300595', 46, 3, 21, 3, 21, '', ''),
(679, '1458510301725', 46, 3, 21, 3, 22, '', ''),
(680, '1458510301903', 46, 3, 20, 3, 21, '', ''),
(681, '1458510302045', 46, 3, 19, 3, 20, '', ''),
(682, '1458510302334', 46, 3, 18, 3, 19, '', ''),
(683, '1458510311274', 45, 0, 0, 0, 0, '', ''),
(684, '1458510316425', 45, 0, 1, 0, 1, '', ''),
(685, '1458510316568', 45, 0, 2, 0, 2, '', ''),
(686, '1458510316659', 45, 0, 3, 0, 3, '', ''),
(687, '1458510316807', 45, 0, 4, 0, 4, '', ''),
(688, '1458510316959', 45, 0, 5, 0, 5, '', ''),
(689, '1458510317068', 45, 0, 6, 0, 6, '', ''),
(690, '1458510317191', 45, 0, 7, 0, 7, '', ''),
(691, '1458510318741', 45, 0, 8, 0, 8, '', ''),
(692, '1458510321588', 45, 0, 9, 0, 9, '', ''),
(693, '1458510321729', 45, 0, 10, 0, 10, '', ''),
(694, '1458510321921', 45, 0, 11, 0, 11, '', ''),
(695, '1458510323664', 45, 0, 12, 0, 12, '', ''),
(696, '1458510323790', 45, 0, 13, 0, 13, '', ''),
(697, '1458510324560', 45, 0, 14, 0, 14, '', ''),
(698, '1458510324957', 45, 0, 15, 0, 15, '', ''),
(699, '1458510325482', 45, 0, 16, 0, 16, '', ''),
(700, '1458510327067', 45, 0, 9, 0, 9, '', ''),
(701, '1458510438492', 46, 1, 0, 1, 4, '', ''),
(702, '1458510442785', 46, 3, 0, 3, 4, '', ''),
(703, '1458510446617', 46, 1, 0, 1, 8, '', ''),
(704, '1458510446994', 46, 1, 0, 1, 0, '', ''),
(705, '1458510449284', 46, 3, 0, 3, 8, '', ''),
(706, '1458510449584', 46, 3, 0, 3, 0, '', ''),
(707, '1458510633548', 48, 0, 0, 0, 0, '', ''),
(708, '1458510633624', 48, 0, 1, 0, 1, '', ''),
(709, '1458510633706', 48, 0, 2, 0, 2, '', ''),
(710, '1458510634106', 48, 0, 3, 0, 3, '', ''),
(711, '1458510634838', 48, 0, 4, 0, 4, '', ''),
(712, '1458510635339', 48, 0, 5, 0, 5, '', ''),
(713, '1458510635511', 48, 0, 6, 0, 6, '', ''),
(714, '1458510636326', 48, 0, 6, 0, 6, '', ''),
(715, '1458510636412', 48, 0, 7, 0, 7, '', ''),
(716, '1458510636688', 48, 0, 8, 0, 8, '', ''),
(717, '1458510636829', 48, 0, 9, 0, 9, '', ''),
(718, '1458510636971', 48, 0, 10, 0, 10, '', ''),
(719, '1458510637217', 48, 0, 11, 0, 11, '', ''),
(720, '1458510640665', 48, 0, 0, 0, 0, '', ''),
(721, '1458510642974', 48, 0, 6, 0, 7, '', ''),
(722, '1458510645585', 48, 0, 12, 0, 12, '', ''),
(723, '1458510764663', 47, 0, 0, 0, 0, '', ''),
(724, '1458510764818', 47, 0, 1, 0, 1, '', ''),
(725, '1458510764970', 47, 0, 2, 0, 2, '', ''),
(726, '1458510765120', 47, 0, 3, 0, 3, '', ''),
(727, '1458510765187', 47, 0, 4, 0, 4, '', ''),
(728, '1458510765489', 47, 0, 5, 0, 5, '', ''),
(729, '1458510765780', 47, 0, 6, 0, 6, '', ''),
(730, '1458510768155', 47, 0, 2, 0, 3, '', ''),
(731, '1458510768514', 47, 0, 2, 0, 2, '', ''),
(732, '1458510775684', 47, 0, 7, 0, 7, '', ''),
(733, '1458510775782', 47, 0, 8, 0, 8, '', ''),
(734, '1458510775972', 47, 0, 9, 0, 9, '', ''),
(735, '1458510776074', 47, 0, 10, 0, 10, '', ''),
(736, '1458510776428', 47, 0, 11, 0, 11, '', ''),
(737, '1458510781280', 47, 0, 7, 0, 7, '', ''),
(738, '1458510781395', 47, 0, 8, 0, 8, '', ''),
(739, '1458510781514', 47, 0, 9, 0, 9, '', ''),
(740, '1458510781789', 47, 0, 10, 0, 10, '', ''),
(741, '1458510781946', 47, 0, 11, 0, 11, '', ''),
(742, '1458510782506', 47, 0, 12, 0, 12, '', ''),
(743, '1458510787030', 47, 0, 18, 0, 18, '', ''),
(744, '1458510787613', 47, 0, 19, 0, 19, '', ''),
(745, '1458510787614', 47, 1, 0, 1, 0, '', ''),
(746, '1458510788015', 47, 1, 4, 1, 4, '', ''),
(747, '1458510788016', 47, 2, 0, 2, 0, '', ''),
(748, '1458510788494', 47, 2, 4, 2, 4, '', ''),
(749, '1458510788494', 47, 3, 0, 3, 0, '', ''),
(750, '1458510788926', 47, 3, 3, 3, 4, '', ''),
(751, '1458510789357', 47, 3, 2, 3, 3, '', ''),
(752, '1458510789558', 47, 3, 1, 3, 2, '', ''),
(753, '1458510789877', 47, 3, 0, 3, 1, '', ''),
(754, '1458510790630', 47, 3, 0, 3, 0, '', ''),
(755, '1458510796114', 47, 1, 4, 1, 4, '', ''),
(756, '1458510796364', 47, 1, 5, 1, 5, '', ''),
(757, '1458510796688', 47, 1, 6, 1, 6, '', ''),
(758, '1458510798247', 47, 1, 7, 1, 7, '', ''),
(759, '1458510798438', 47, 1, 8, 1, 8, '', ''),
(760, '1458510799199', 47, 1, 9, 1, 9, '', ''),
(761, '1458510799398', 47, 1, 10, 1, 10, '', ''),
(762, '1458510802354', 47, 1, 11, 1, 11, '', ''),
(763, '1458510802513', 47, 1, 12, 1, 12, '', ''),
(764, '1458510802866', 47, 1, 13, 1, 13, '', ''),
(765, '1458510802993', 47, 1, 14, 1, 14, '', ''),
(766, '1458510803068', 47, 1, 15, 1, 15, '', ''),
(767, '1458510803224', 47, 1, 16, 1, 16, '', ''),
(768, '1458510803350', 47, 1, 17, 1, 17, '', ''),
(769, '1458510803707', 47, 1, 18, 1, 18, '', ''),
(770, '1458510803846', 47, 1, 19, 1, 19, '', ''),
(771, '1458510803893', 47, 1, 20, 1, 20, '', ''),
(772, '1458510804078', 47, 1, 21, 1, 21, '', ''),
(773, '1458510804236', 47, 1, 22, 1, 22, '', ''),
(774, '1458510804636', 47, 1, 23, 1, 23, '', ''),
(775, '1458510804732', 47, 1, 24, 1, 24, '', ''),
(776, '1458510804959', 47, 1, 25, 1, 25, '', ''),
(777, '1458510805052', 47, 1, 26, 1, 26, '', ''),
(778, '1458510805890', 47, 1, 27, 1, 27, '', ''),
(779, '1458510807081', 47, 1, 28, 1, 28, '', ''),
(780, '1458510807637', 47, 1, 28, 1, 29, '', ''),
(781, '1458510807983', 47, 1, 28, 1, 28, '', ''),
(782, '1458510808321', 47, 1, 29, 1, 29, '', ''),
(783, '1458510808393', 47, 1, 30, 1, 30, '', ''),
(784, '1458510808610', 47, 1, 31, 1, 31, '', ''),
(785, '1458510808695', 47, 1, 32, 1, 32, '', ''),
(786, '1458510808925', 47, 1, 33, 1, 33, '', ''),
(787, '1458510812967', 47, 1, 34, 1, 34, '', ''),
(788, '1458510813107', 47, 1, 35, 1, 35, '', ''),
(789, '1458510813423', 47, 1, 36, 1, 36, '', ''),
(790, '1458510814231', 47, 1, 37, 1, 37, '', ''),
(791, '1458510814351', 47, 1, 38, 1, 38, '', ''),
(792, '1458510814812', 47, 1, 39, 1, 39, '', ''),
(793, '1458510815248', 47, 1, 40, 1, 40, '', ''),
(794, '1458510817137', 47, 1, 40, 1, 41, '', ''),
(795, '1458510817283', 47, 1, 40, 1, 40, '', ''),
(796, '1458510818106', 47, 1, 41, 1, 41, '', ''),
(797, '1458510818588', 47, 1, 42, 1, 42, '', ''),
(798, '1458510819087', 47, 1, 43, 1, 43, '', ''),
(799, '1458510819088', 47, 2, 0, 2, 0, '', ''),
(800, '1458510819652', 47, 2, 8, 2, 8, '', ''),
(801, '1458510819652', 47, 3, 0, 3, 0, '', ''),
(802, '1458510820191', 47, 3, 7, 3, 8, '', ''),
(803, '1458510820697', 47, 3, 6, 3, 7, '', ''),
(804, '1458510821059', 47, 3, 5, 3, 6, '', ''),
(805, '1458510821373', 47, 3, 4, 3, 5, '', ''),
(806, '1458510822328', 47, 3, 4, 3, 4, '', ''),
(807, '1458510829693', 47, 0, 0, 0, 7, '', ''),
(808, '1458510832962', 47, 2, 8, 2, 8, '', ''),
(809, '1458510833255', 47, 2, 9, 2, 9, '', ''),
(810, '1458510833297', 47, 2, 10, 2, 10, '', ''),
(811, '1458510833654', 47, 2, 11, 2, 11, '', ''),
(812, '1458510833728', 47, 2, 12, 2, 12, '', ''),
(813, '1458510833931', 47, 2, 13, 2, 13, '', ''),
(814, '1458510834329', 47, 2, 14, 2, 14, '', ''),
(815, '1458510834669', 47, 2, 15, 2, 15, '', ''),
(816, '1458510834795', 47, 2, 16, 2, 16, '', ''),
(817, '1458510835007', 47, 2, 17, 2, 17, '', ''),
(818, '1458510835416', 47, 2, 18, 2, 18, '', ''),
(819, '1458510835732', 47, 2, 19, 2, 19, '', ''),
(820, '1458510835835', 47, 2, 20, 2, 20, '', ''),
(821, '1458510835988', 47, 2, 21, 2, 21, '', ''),
(822, '1458510836092', 47, 2, 22, 2, 22, '', ''),
(823, '1458510836247', 47, 2, 23, 2, 23, '', ''),
(824, '1458510836682', 47, 2, 24, 2, 24, '', ''),
(825, '1458510836936', 47, 2, 25, 2, 25, '', ''),
(826, '1458510837148', 47, 2, 26, 2, 26, '', ''),
(827, '1458510837399', 47, 2, 27, 2, 27, '', ''),
(828, '1458510837697', 47, 2, 28, 2, 28, '', ''),
(829, '1458510838819', 47, 2, 27, 2, 27, '', ''),
(830, '1458510839132', 47, 2, 28, 2, 28, '', ''),
(831, '1458510840130', 47, 2, 28, 2, 28, '', ''),
(832, '1458510840312', 47, 2, 29, 2, 29, '', ''),
(833, '1458510840444', 47, 2, 30, 2, 30, '', ''),
(834, '1458510840539', 47, 2, 31, 2, 31, '', ''),
(835, '1458510840646', 47, 2, 32, 2, 32, '', ''),
(836, '1458510840746', 47, 2, 33, 2, 33, '', ''),
(837, '1458510844643', 47, 3, 5, 3, 5, '', ''),
(838, '1458510850276', 47, 2, 9, 2, 10, '', ''),
(839, '1458510850761', 47, 2, 9, 2, 9, '', ''),
(840, '1458511089202', 47, 2, 37, 2, 38, '', ''),
(841, '1458511091146', 47, 1, 43, 1, 43, '', ''),
(842, '1458511091146', 47, 2, 0, 2, 0, '', ''),
(843, '1458511092370', 47, 2, 8, 2, 8, '', ''),
(844, '1458511092470', 47, 2, 9, 2, 9, '', ''),
(845, '1458511092639', 47, 2, 10, 2, 10, '', ''),
(846, '1458511092995', 47, 2, 11, 2, 11, '', ''),
(847, '1458511093323', 47, 2, 12, 2, 12, '', ''),
(848, '1458511093406', 47, 2, 13, 2, 13, '', ''),
(849, '1458511093642', 47, 2, 14, 2, 14, '', ''),
(850, '1458511093898', 47, 2, 15, 2, 15, '', ''),
(851, '1458511094512', 47, 2, 16, 2, 16, '', ''),
(852, '1458511094733', 47, 2, 17, 2, 17, '', ''),
(853, '1458511095147', 47, 2, 17, 2, 18, '', ''),
(854, '1458511095581', 47, 2, 17, 2, 17, '', ''),
(855, '1458511096239', 47, 2, 18, 2, 18, '', ''),
(856, '1458511096597', 47, 2, 19, 2, 19, '', ''),
(857, '1458511097349', 47, 2, 20, 2, 20, '', ''),
(858, '1458511097549', 47, 2, 21, 2, 21, '', ''),
(859, '1458511098561', 47, 2, 22, 2, 22, '', ''),
(860, '1458511099257', 47, 2, 23, 2, 23, '', ''),
(861, '1458511100006', 47, 2, 24, 2, 24, '', ''),
(862, '1458511100076', 47, 2, 25, 2, 25, '', ''),
(863, '1458511100480', 47, 2, 26, 2, 26, '', ''),
(864, '1458511101104', 47, 2, 27, 2, 27, '', ''),
(865, '1458511102704', 47, 3, 8, 3, 8, '', ''),
(866, '1458511104797', 47, 3, 40, 3, 40, '', ''),
(867, '1458511104797', 47, 4, 0, 4, 0, '', ''),
(868, '1458511105272', 47, 4, 11, 4, 12, '', ''),
(869, '1458511105948', 47, 4, 10, 4, 11, '', ''),
(870, '1458511106314', 47, 4, 9, 4, 10, '', ''),
(871, '1458511106710', 47, 4, 8, 4, 9, '', ''),
(872, '1458511107486', 47, 4, 8, 4, 8, '', ''),
(873, '1458511111634', 47, 3, 0, 3, 8, '', ''),
(874, '1458511111633', 47, 2, 28, 2, 28, '', ''),
(875, '1458511113656', 47, 4, 4, 4, 4, '', ''),
(876, '1458511118269', 47, 5, 0, 5, 8, '', ''),
(877, '1458511118762', 47, 5, 0, 5, 0, '', ''),
(878, '1458511120323', 47, 5, 2, 5, 2, '', ''),
(879, '1458511125192', 47, 3, 0, 3, 0, '', ''),
(880, '1458511125192', 47, 2, 36, 2, 36, '', ''),
(881, '1458511130466', 47, 2, 28, 2, 36, '', ''),
(882, '1458511134346', 47, 3, 0, 3, 0, '', ''),
(883, '1458511134346', 47, 2, 28, 2, 28, '', ''),
(884, '1458511137797', 47, 2, 28, 2, 28, '', ''),
(885, '1458511137797', 47, 3, 0, 3, 0, '', ''),
(886, '1458511141975', 47, 2, 28, 2, 29, '', ''),
(887, '1458511142797', 47, 2, 27, 2, 28, '', ''),
(888, '1458511145999', 47, 2, 27, 2, 27, '', ''),
(889, '1458511146000', 47, 3, 0, 3, 0, '', ''),
(890, '1458511152313', 47, 2, 27, 2, 57, '', ''),
(891, '1458511153876', 47, 2, 27, 2, 27, '', ''),
(892, '1458511158468', 47, 4, 4, 4, 5, '', ''),
(893, '1458511163761', 47, 4, 9, 4, 9, '', ''),
(894, '1458511163762', 47, 5, 0, 5, 0, '', ''),
(895, '1458511169632', 47, 4, 9, 4, 10, '', ''),
(896, '1458511172236', 47, 5, 4, 5, 4, '', ''),
(897, '1458511176990', 47, 6, 0, 6, 0, '', ''),
(898, '1458511181486', 47, 3, 15, 3, 15, '', ''),
(899, '1458511181787', 47, 3, 16, 3, 16, '', ''),
(900, '1458511181842', 47, 3, 17, 3, 17, '', ''),
(901, '1458511182141', 47, 3, 18, 3, 18, '', ''),
(902, '1458511182204', 47, 3, 19, 3, 19, '', ''),
(903, '1458511182404', 47, 3, 20, 3, 20, '', ''),
(904, '1458511182767', 47, 3, 21, 3, 21, '', ''),
(905, '1458511183439', 47, 3, 22, 3, 22, '', ''),
(906, '1458511183558', 47, 3, 23, 3, 23, '', ''),
(907, '1458511183800', 47, 3, 24, 3, 24, '', ''),
(908, '1458511184225', 47, 3, 25, 3, 25, '', ''),
(909, '1458511184557', 47, 3, 26, 3, 26, '', ''),
(910, '1458511184708', 47, 3, 27, 3, 27, '', ''),
(911, '1458511184843', 47, 3, 28, 3, 28, '', ''),
(912, '1458511184976', 47, 3, 29, 3, 29, '', ''),
(913, '1458511185115', 47, 3, 30, 3, 30, '', ''),
(914, '1458511185543', 47, 3, 31, 3, 31, '', ''),
(915, '1458511185710', 47, 3, 32, 3, 32, '', ''),
(916, '1458511186187', 47, 3, 33, 3, 33, '', ''),
(917, '1458511186368', 47, 3, 34, 3, 34, '', ''),
(918, '1458511187503', 47, 3, 35, 3, 35, '', ''),
(919, '1458511189418', 47, 3, 34, 3, 34, '', ''),
(920, '1458511189593', 47, 3, 35, 3, 35, '', ''),
(921, '1458511190453', 47, 3, 35, 3, 35, '', ''),
(922, '1458511190584', 47, 3, 36, 3, 36, '', ''),
(923, '1458511190732', 47, 3, 37, 3, 37, '', ''),
(924, '1458511190776', 47, 3, 38, 3, 38, '', ''),
(925, '1458511190920', 47, 3, 39, 3, 39, '', ''),
(926, '1458511191038', 47, 3, 40, 3, 40, '', ''),
(927, '1458511197285', 47, 3, 37, 3, 38, '', ''),
(928, '1458511201509', 47, 3, 40, 3, 40, '', ''),
(929, '1458511221074', 47, 2, 17, 2, 17, '', ''),
(930, '1458511221398', 47, 2, 18, 2, 18, '', ''),
(931, '1458511234221', 47, 3, 41, 3, 41, '', ''),
(932, '1458511234676', 47, 3, 42, 3, 42, '', ''),
(933, '1458512394687', 45, 0, 18, 0, 18, '', ''),
(934, '1458512397622', 45, 1, 0, 1, 0, '', ''),
(935, '1458512397765', 45, 1, 1, 1, 1, '', ''),
(936, '1458512397793', 45, 1, 2, 1, 2, '', ''),
(937, '1458512397981', 45, 1, 3, 1, 3, '', ''),
(938, '1458512398105', 45, 1, 4, 1, 4, '', ''),
(939, '1458512398362', 45, 1, 5, 1, 5, '', ''),
(940, '1458512398453', 45, 1, 6, 1, 6, '', ''),
(941, '1458512398676', 45, 1, 7, 1, 7, '', ''),
(942, '1458512398773', 45, 1, 8, 1, 8, '', ''),
(943, '1458512399296', 45, 1, 9, 1, 9, '', ''),
(944, '1458512399401', 45, 1, 10, 1, 10, '', ''),
(945, '1458512400679', 45, 1, 11, 1, 11, '', ''),
(946, '1458512401079', 45, 1, 12, 1, 12, '', ''),
(947, '1458512401079', 45, 2, 0, 2, 0, '', ''),
(948, '1458512402651', 45, 2, 4, 2, 4, '', ''),
(949, '1458512402652', 45, 3, 0, 3, 0, '', ''),
(950, '1458512403092', 45, 3, 3, 3, 4, '', ''),
(951, '1458512403840', 45, 3, 2, 3, 3, '', ''),
(952, '1458512404110', 45, 3, 1, 3, 2, '', ''),
(953, '1458512404358', 45, 3, 0, 3, 1, '', ''),
(954, '1458512405305', 45, 3, 0, 3, 0, '', ''),
(955, '1458512407330', 45, 2, 4, 2, 4, '', ''),
(956, '1458512407461', 45, 2, 5, 2, 5, '', ''),
(957, '1458512407623', 45, 2, 6, 2, 6, '', ''),
(958, '1458512407697', 45, 2, 7, 2, 7, '', ''),
(959, '1458512407885', 45, 2, 8, 2, 8, '', ''),
(960, '1458512408080', 45, 2, 9, 2, 9, '', ''),
(961, '1458512408238', 45, 2, 10, 2, 10, '', ''),
(962, '1458512408530', 45, 2, 11, 2, 11, '', ''),
(963, '1458512409405', 45, 2, 11, 2, 12, '', ''),
(964, '1458512409721', 45, 2, 11, 2, 11, '', ''),
(965, '1458512410519', 45, 2, 12, 2, 12, '', ''),
(966, '1458512411985', 45, 2, 11, 2, 11, '', ''),
(967, '1458512412168', 45, 2, 12, 2, 12, '', ''),
(968, '1458512413161', 45, 2, 12, 2, 12, '', ''),
(969, '1458512413272', 45, 2, 13, 2, 13, '', ''),
(970, '1458512413379', 45, 2, 14, 2, 14, '', ''),
(971, '1458512413523', 45, 2, 15, 2, 15, '', ''),
(972, '1458512413597', 45, 2, 16, 2, 16, '', ''),
(973, '1458512413684', 45, 2, 17, 2, 17, '', ''),
(974, '1458512418251', 45, 2, 21, 2, 22, '', ''),
(975, '1458512421425', 45, 1, 1, 1, 1, '', ''),
(976, '1458512843666', 48, 0, 13, 0, 13, '', ''),
(977, '1458512844052', 48, 1, 0, 1, 0, '', ''),
(978, '1458512844149', 48, 1, 1, 1, 1, '', ''),
(979, '1458512844380', 48, 1, 2, 1, 2, '', ''),
(980, '1458512845003', 48, 1, 3, 1, 3, '', ''),
(981, '1458512994125', 49, 0, 0, 0, 0, '', ''),
(982, '1458512994211', 49, 0, 1, 0, 1, '', ''),
(983, '1458512994509', 49, 0, 2, 0, 2, '', ''),
(984, '1458512994587', 49, 0, 3, 0, 3, '', ''),
(985, '1458512994775', 49, 0, 4, 0, 4, '', ''),
(986, '1458512994976', 49, 0, 5, 0, 5, '', ''),
(987, '1458512997269', 49, 0, 6, 0, 6, '', ''),
(988, '1458512998586', 49, 0, 7, 0, 7, '', ''),
(989, '1458512998754', 49, 0, 8, 0, 8, '', ''),
(990, '1458513002099', 49, 0, 8, 0, 8, '', ''),
(991, '1458513002196', 49, 0, 9, 0, 9, '', ''),
(992, '1458513002386', 49, 0, 10, 0, 10, '', ''),
(993, '1458513002493', 49, 0, 11, 0, 11, '', ''),
(994, '1458513003403', 49, 0, 12, 0, 12, '', ''),
(995, '1458513004710', 49, 0, 13, 0, 13, '', ''),
(996, '1458513005132', 49, 0, 14, 0, 14, '', ''),
(997, '1458513005435', 49, 0, 15, 0, 15, '', ''),
(998, '1458513015626', 49, 0, 0, 0, 0, '', ''),
(999, '1458513015733', 49, 0, 1, 0, 1, '', ''),
(1000, '1458513016824', 49, 0, 2, 0, 2, '', ''),
(1001, '1458513017359', 49, 0, 3, 0, 3, '', ''),
(1002, '1458513018436', 49, 0, 4, 0, 4, '', ''),
(1003, '1458513019206', 49, 0, 5, 0, 6, '', ''),
(1004, '1458513019699', 49, 0, 5, 0, 5, '', ''),
(1005, '1458513020562', 49, 0, 5, 0, 6, '', ''),
(1006, '1458513024256', 49, 0, 8, 0, 9, '', ''),
(1007, '1458513027313', 49, 0, 15, 0, 15, '', ''),
(1008, '1458513030196', 49, 0, 10, 0, 10, '', ''),
(1009, '1458513106119', 49, 0, 7, 0, 8, '', ''),
(1010, '1458513107763', 49, 0, 15, 0, 16, '', ''),
(1011, '1458513107946', 49, 0, 14, 0, 15, '', ''),
(1012, '1458513108206', 49, 0, 13, 0, 14, '', ''),
(1013, '1458513108467', 49, 0, 12, 0, 13, '', ''),
(1014, '1458513172758', 43, 0, 13, 0, 13, '', ''),
(1015, '1458513187969', 49, 0, 12, 0, 12, '', ''),
(1016, '1458513188387', 49, 1, 0, 1, 0, '', ''),
(1017, '1458513190029', 49, 1, 0, 1, 60, '', ''),
(1018, '1458513197744', 49, 1, 0, 1, 0, '', ''),
(1019, '1458513206950', 49, 1, 0, 1, 12, '', ''),
(1020, '1458513207851', 49, 0, 12, 1, 0, '', ''),
(1021, '1458513209645', 49, 0, 0, 0, 0, '', ''),
(1022, '1458513209929', 49, 0, 1, 0, 1, '', ''),
(1023, '1458513210131', 49, 0, 2, 0, 2, '', ''),
(1024, '1458513210322', 49, 0, 3, 0, 3, '', ''),
(1025, '1458513217784', 49, 0, 4, 0, 4, '', ''),
(1026, '1458513217864', 49, 0, 5, 0, 5, '', ''),
(1027, '1458513218183', 49, 0, 6, 0, 6, '', ''),
(1028, '1458513218232', 49, 0, 7, 0, 7, '', ''),
(1029, '1458513218388', 49, 0, 8, 0, 8, '', ''),
(1030, '1458513218589', 49, 0, 9, 0, 9, '', ''),
(1031, '1458513221610', 49, 0, 4, 0, 4, '', ''),
(1032, '1458513224416', 49, 0, 10, 0, 10, '', ''),
(1033, '1458513224795', 49, 0, 11, 0, 11, '', ''),
(1034, '1458513224948', 49, 0, 12, 0, 12, '', ''),
(1035, '1458513225160', 49, 0, 13, 0, 13, '', ''),
(1036, '1458513225398', 49, 0, 14, 0, 14, '', ''),
(1037, '1458513225928', 49, 0, 15, 0, 15, '', ''),
(1038, '1458513238016', 49, 0, 0, 0, 4, '', ''),
(1039, '1458513264248', 43, 0, 22, 0, 22, '', ''),
(1040, '1458513264893', 43, 1, 0, 1, 0, '', ''),
(1041, '1458513265000', 43, 1, 1, 1, 1, '', ''),
(1042, '1458513265181', 43, 1, 2, 1, 2, '', ''),
(1043, '1458513265507', 43, 1, 3, 1, 3, '', ''),
(1044, '1458513266344', 43, 1, 4, 1, 4, '', ''),
(1045, '1458513266471', 43, 1, 5, 1, 5, '', ''),
(1046, '1458513266568', 43, 1, 6, 1, 6, '', ''),
(1047, '1458513266676', 43, 1, 7, 1, 7, '', ''),
(1048, '1458513267925', 43, 1, 8, 1, 8, '', ''),
(1049, '1458513268721', 43, 1, 9, 1, 9, '', ''),
(1050, '1458513268975', 43, 1, 10, 1, 10, '', ''),
(1051, '1458513270237', 43, 1, 11, 1, 11, '', ''),
(1052, '1458513270522', 43, 1, 12, 1, 12, '', ''),
(1053, '1458513271501', 43, 1, 13, 1, 13, '', ''),
(1054, '1458513272049', 43, 1, 14, 1, 14, '', ''),
(1055, '1458513272050', 43, 2, 0, 2, 0, '', ''),
(1056, '1458513273212', 43, 2, 4, 2, 4, '', ''),
(1057, '1458513273317', 43, 2, 5, 2, 5, '', ''),
(1058, '1458513273531', 43, 2, 6, 2, 6, '', ''),
(1059, '1458513273599', 43, 2, 7, 2, 7, '', ''),
(1060, '1458513273838', 43, 2, 8, 2, 8, '', ''),
(1061, '1458513274434', 43, 2, 9, 2, 9, '', ''),
(1062, '1458513275304', 43, 2, 10, 2, 10, '', ''),
(1063, '1458513275444', 43, 2, 11, 2, 11, '', ''),
(1064, '1458513278304', 43, 2, 11, 2, 11, '', ''),
(1065, '1458513278428', 43, 2, 12, 2, 12, '', ''),
(1066, '1458513278797', 43, 2, 13, 2, 13, '', ''),
(1067, '1458513278951', 43, 2, 14, 2, 14, '', '');
INSERT INTO `evenement` (`id`, `time`, `file_id`, `from_l`, `from_c`, `to_l`, `to_c`, `text`, `removed`) VALUES
(1068, '1458513280521', 43, 2, 16, 2, 16, '', ''),
(1069, '1458513280521', 43, 3, 0, 3, 0, '', ''),
(1070, '1458513281392', 43, 3, 4, 3, 4, '', ''),
(1071, '1458513281461', 43, 3, 5, 3, 5, '', ''),
(1072, '1458513281630', 43, 3, 6, 3, 6, '', ''),
(1073, '1458513281783', 43, 3, 7, 3, 7, '', ''),
(1074, '1458513281917', 43, 3, 8, 3, 8, '', ''),
(1075, '1458513282055', 43, 3, 9, 3, 9, '', ''),
(1076, '1458513282258', 43, 3, 10, 3, 10, '', ''),
(1077, '1458513283581', 43, 3, 11, 3, 11, '', ''),
(1078, '1458513283787', 43, 3, 12, 3, 12, '', ''),
(1079, '1458513284982', 43, 3, 13, 3, 13, '', ''),
(1080, '1458513286641', 43, 3, 12, 3, 12, '', ''),
(1081, '1458513286779', 43, 3, 13, 3, 13, '', ''),
(1082, '1458513286923', 43, 3, 14, 3, 14, '', ''),
(1083, '1458513301579', 49, 0, 12, 0, 12, '', ''),
(1084, '1458513305335', 49, 1, 0, 1, 0, '', ''),
(1085, '1458513305638', 49, 1, 1, 1, 1, '', ''),
(1086, '1458513305866', 49, 1, 2, 1, 2, '', ''),
(1087, '1458513305995', 49, 1, 3, 1, 3, '', ''),
(1088, '1458513307319', 49, 1, 4, 1, 4, '', ''),
(1089, '1458513307463', 49, 1, 5, 1, 5, '', ''),
(1090, '1458513307562', 49, 1, 6, 1, 6, '', ''),
(1091, '1458513307734', 49, 1, 7, 1, 7, '', ''),
(1092, '1458513307885', 49, 1, 8, 1, 8, '', ''),
(1093, '1458513308084', 49, 1, 9, 1, 9, '', ''),
(1094, '1458513308235', 49, 1, 10, 1, 10, '', ''),
(1095, '1458513308923', 49, 1, 11, 1, 11, '', ''),
(1096, '1458513309118', 49, 1, 12, 1, 12, '', ''),
(1097, '1458513325077', 49, 1, 4, 1, 11, '', ''),
(1098, '1458513336663', 49, 1, 4, 1, 4, '', ''),
(1099, '1458513336766', 49, 1, 5, 1, 5, '', ''),
(1100, '1458513336930', 49, 1, 6, 1, 6, '', ''),
(1101, '1458513337103', 49, 1, 7, 1, 7, '', ''),
(1102, '1458513337705', 49, 1, 8, 1, 8, '', ''),
(1103, '1458513338568', 49, 1, 9, 1, 9, '', ''),
(1104, '1458513349395', 49, 1, 19, 1, 19, '', ''),
(1105, '1458513350011', 49, 2, 0, 2, 0, '', ''),
(1106, '1458513350136', 49, 2, 1, 2, 1, '', ''),
(1107, '1458513350357', 49, 2, 2, 2, 2, '', ''),
(1108, '1458513350410', 49, 2, 3, 2, 3, '', ''),
(1109, '1458513350629', 49, 2, 4, 2, 4, '', ''),
(1110, '1458513350796', 49, 2, 5, 2, 5, '', ''),
(1111, '1458513351566', 49, 2, 6, 2, 6, '', '');

-- --------------------------------------------------------

--
-- Table structure for table `eventRemoved`
--

CREATE TABLE IF NOT EXISTS `eventRemoved` (
  `id` int(11) NOT NULL AUTO_INCREMENT,
  `event_id` int(11) NOT NULL,
  `removed` text NOT NULL,
  PRIMARY KEY (`id`),
  KEY `id` (`id`)
) ENGINE=InnoDB  DEFAULT CHARSET=latin1 AUTO_INCREMENT=1058 ;

--
-- Dumping data for table `eventRemoved`
--

INSERT INTO `eventRemoved` (`id`, `event_id`, `removed`) VALUES
(1, 1, ''),
(2, 2, ''),
(3, 4, ''),
(4, 5, ''),
(5, 6, ''),
(6, 7, ''),
(7, 8, ''),
(8, 9, ''),
(9, 10, ''),
(10, 11, ''),
(11, 12, ''),
(12, 13, ''),
(13, 15, ''),
(14, 17, ''),
(15, 18, ''),
(16, 19, ''),
(17, 20, ''),
(18, 21, ''),
(19, 23, ''),
(20, 25, ''),
(21, 26, ''),
(22, 27, ''),
(23, 28, ''),
(24, 29, ''),
(25, 31, ''),
(26, 32, ''),
(27, 33, ''),
(28, 34, ''),
(29, 35, ''),
(30, 36, ''),
(31, 37, ''),
(32, 38, 'bzrerber'),
(33, 38, 'beb'),
(34, 38, 'be'),
(35, 38, 'e'),
(36, 38, 'r'),
(37, 38, 'b'),
(38, 38, 'er'),
(39, 38, 'b'),
(40, 38, 'e'),
(41, 38, 'rbze'),
(42, 38, ''),
(43, 39, ''),
(44, 40, ''),
(45, 41, ''),
(46, 42, ''),
(47, 43, ''),
(48, 44, ''),
(49, 45, 'coucou'),
(50, 46, ''),
(51, 47, ''),
(52, 48, ''),
(53, 49, ''),
(54, 50, ''),
(55, 51, ''),
(56, 52, ''),
(57, 53, ''),
(58, 54, ''),
(59, 55, ''),
(60, 56, ''),
(61, 58, ''),
(62, 60, ''),
(63, 61, ''),
(64, 62, ''),
(65, 63, 'm'),
(66, 64, 'a'),
(67, 65, ''),
(68, 66, ''),
(69, 67, ''),
(70, 68, ''),
(71, 69, ''),
(72, 70, ''),
(73, 71, ''),
(74, 72, ''),
(75, 73, ''),
(76, 74, ''),
(77, 75, ''),
(78, 76, ''),
(79, 77, ''),
(80, 78, ''),
(81, 79, ''),
(82, 80, ''),
(83, 81, ''),
(84, 82, ''),
(85, 83, ''),
(86, 84, ''),
(87, 85, ''),
(88, 86, ''),
(89, 87, ''),
(90, 88, ''),
(91, 89, ''),
(92, 90, ''),
(93, 91, ''),
(94, 92, ''),
(95, 93, ''),
(96, 94, ''),
(97, 94, ''),
(98, 95, 'void main(){'),
(99, 95, 'printf()"hello";'),
(100, 95, ''),
(101, 96, ''),
(102, 97, ''),
(103, 98, ''),
(104, 99, ''),
(105, 100, ''),
(106, 101, ''),
(107, 102, ''),
(108, 103, ''),
(109, 104, ''),
(110, 105, ''),
(111, 106, ''),
(112, 107, ''),
(113, 109, ''),
(114, 110, ''),
(115, 111, ''),
(116, 112, ''),
(117, 113, ''),
(118, 114, ''),
(119, 115, ''),
(120, 116, ''),
(121, 117, ''),
(122, 118, ''),
(123, 120, ''),
(124, 121, ''),
(125, 122, ''),
(126, 123, ''),
(127, 124, ''),
(128, 125, ''),
(129, 126, ''),
(130, 127, ''),
(131, 128, ''),
(132, 129, ''),
(133, 130, ''),
(134, 131, ''),
(135, 132, ''),
(136, 133, ''),
(137, 134, ''),
(138, 135, ''),
(139, 136, ''),
(140, 137, ''),
(141, 138, ''),
(142, 139, 'n'),
(143, 140, 'i'),
(144, 141, ''),
(145, 142, ''),
(146, 143, ''),
(147, 144, ''),
(148, 145, ''),
(149, 146, ''),
(150, 148, ''),
(151, 149, ''),
(152, 151, ''),
(153, 152, ''),
(154, 153, ''),
(155, 155, ''),
(156, 156, ''),
(157, 157, ''),
(158, 159, ''),
(159, 160, ''),
(160, 161, ''),
(161, 163, ''),
(162, 164, ''),
(163, 165, ''),
(164, 167, ''),
(165, 168, ''),
(166, 169, ''),
(167, 170, ''),
(168, 171, ''),
(169, 172, ''),
(170, 173, ''),
(171, 174, ''),
(172, 175, ''),
(173, 176, ''),
(174, 177, ''),
(175, 178, ''),
(176, 179, ''),
(177, 180, ''),
(178, 181, ''),
(179, 182, ''),
(180, 183, ''),
(181, 184, ''),
(182, 185, ''),
(183, 186, ''),
(184, 188, ''),
(185, 189, ''),
(186, 191, ''),
(187, 192, ''),
(188, 193, ''),
(189, 194, ''),
(190, 196, ''),
(191, 198, ''),
(192, 199, ''),
(193, 200, ''),
(194, 201, ''),
(195, 203, ''),
(196, 205, ''),
(197, 207, ''),
(198, 208, ''),
(199, 209, ''),
(200, 212, ''),
(201, 213, ''),
(202, 217, ''),
(203, 218, ''),
(204, 219, ''),
(205, 222, ''),
(206, 223, ''),
(207, 224, ''),
(208, 225, ''),
(209, 226, ''),
(210, 227, ''),
(211, 228, ''),
(212, 229, ''),
(213, 230, ''),
(214, 231, ''),
(215, 232, ''),
(216, 233, ''),
(217, 234, ''),
(218, 235, ''),
(219, 236, ''),
(220, 237, ''),
(221, 238, ''),
(222, 239, ''),
(223, 240, ''),
(224, 241, ''),
(225, 242, ''),
(226, 243, ''),
(227, 244, ''),
(228, 245, ''),
(229, 246, ''),
(230, 247, ''),
(231, 248, ''),
(232, 249, ''),
(233, 250, ''),
(234, 251, ''),
(235, 252, ''),
(236, 253, ''),
(237, 254, ''),
(238, 255, ''),
(239, 256, ''),
(240, 257, ''),
(241, 258, ''),
(242, 259, ''),
(243, 260, ''),
(244, 261, ''),
(245, 262, ''),
(246, 263, ''),
(247, 264, ''),
(248, 265, ''),
(249, 266, ''),
(250, 267, ''),
(251, 268, ''),
(252, 270, ''),
(253, 271, 'z'),
(254, 272, 'f'),
(255, 273, 'e'),
(256, 274, ''),
(257, 275, ''),
(258, 277, ''),
(259, 279, ''),
(260, 280, ''),
(261, 281, ''),
(262, 282, ''),
(263, 283, ''),
(264, 284, ''),
(265, 285, ''),
(266, 286, ''),
(267, 287, ''),
(268, 288, ''),
(269, 290, ''),
(270, 291, ''),
(271, 292, ' fefzefzefze'),
(272, 292, ''),
(273, 293, ''),
(274, 294, ''),
(275, 295, ''),
(276, 296, ''),
(277, 297, ''),
(278, 298, ''),
(279, 299, ''),
(280, 300, ''),
(281, 301, ''),
(282, 302, ''),
(283, 303, ''),
(284, 304, ''),
(285, 305, ''),
(286, 306, ''),
(287, 307, ''),
(288, 308, ''),
(289, 309, ''),
(290, 310, ''),
(291, 311, ''),
(292, 312, ''),
(293, 314, ''),
(294, 315, ''),
(295, 316, ''),
(296, 317, ''),
(297, 318, ''),
(298, 319, ''),
(299, 320, ''),
(300, 321, ''),
(301, 322, ''),
(302, 323, ''),
(303, 324, '"'),
(304, 325, ''),
(305, 326, ''),
(306, 327, ''),
(307, 328, ''),
(308, 329, ''),
(309, 330, ''),
(310, 331, ''),
(311, 332, ''),
(312, 333, ''),
(313, 335, ''),
(314, 336, ''),
(315, 337, ''),
(316, 338, ''),
(317, 339, ''),
(318, 340, ''),
(319, 341, ''),
(320, 342, ''),
(321, 343, ''),
(322, 344, ''),
(323, 345, ''),
(324, 346, ''),
(325, 347, ''),
(326, 348, ''),
(327, 349, ''),
(328, 350, ''),
(329, 351, ''),
(330, 352, ''),
(331, 353, ''),
(332, 354, ''),
(333, 355, ''),
(334, 356, ''),
(335, 357, ''),
(336, 358, ''),
(337, 359, ''),
(338, 360, ''),
(339, 361, ''),
(340, 362, ''),
(341, 363, ''),
(342, 364, ''),
(343, 365, ''),
(344, 366, ''),
(345, 367, ''),
(346, 368, ''),
(347, 369, ''),
(348, 370, ''),
(349, 371, ''),
(350, 372, ''),
(351, 373, ''),
(352, 374, ''),
(353, 375, ''),
(354, 376, ''),
(355, 377, ''),
(356, 378, ''),
(357, 379, ''),
(358, 380, ''),
(359, 381, ''),
(360, 382, ''),
(361, 383, ''),
(362, 384, ''),
(363, 385, ''),
(364, 386, ''),
(365, 387, ''),
(366, 388, ''),
(367, 389, ''),
(368, 390, ''),
(369, 391, ''),
(370, 392, ''),
(371, 393, ''),
(372, 394, ''),
(373, 395, ''),
(374, 396, ''),
(375, 397, ''),
(376, 398, ''),
(377, 399, ''),
(378, 400, ''),
(379, 401, ''),
(380, 402, ''),
(381, 403, ''),
(382, 404, ''),
(383, 405, ''),
(384, 407, ''),
(385, 408, ''),
(386, 409, 'y'),
(387, 410, 'p'),
(388, 411, '.'),
(389, 412, 'u'),
(390, 413, 'o'),
(391, 414, 'c'),
(392, 415, 'u'),
(393, 416, 'o'),
(394, 417, 'c'),
(395, 418, ''),
(396, 419, ''),
(397, 420, 'l'),
(398, 421, 'b'),
(399, 422, ''),
(400, 423, ''),
(401, 424, ''),
(402, 425, ''),
(403, 426, ''),
(404, 427, ''),
(405, 428, ''),
(406, 429, ''),
(407, 430, ''),
(408, 431, ''),
(409, 432, ''),
(410, 433, ''),
(411, 434, ''),
(412, 435, ''),
(413, 436, ''),
(414, 437, ''),
(415, 438, ''),
(416, 439, ''),
(417, 440, ''),
(418, 441, ''),
(419, 442, ''),
(420, 443, ''),
(421, 444, ''),
(422, 445, ''),
(423, 446, ''),
(424, 447, ''),
(425, 448, ''),
(426, 449, ''),
(427, 450, ''),
(428, 451, ''),
(429, 452, ''),
(430, 453, ''),
(431, 454, ''),
(432, 456, ''),
(433, 457, ''),
(434, 458, ''),
(435, 459, ''),
(436, 461, ''),
(437, 462, ''),
(438, 463, ''),
(439, 463, ''),
(440, 464, ''),
(441, 465, ''),
(442, 466, ''),
(443, 467, ''),
(444, 468, ''),
(445, 469, ''),
(446, 470, ''),
(447, 471, ''),
(448, 472, ''),
(449, 473, ''),
(450, 474, ''),
(451, 475, ''),
(452, 476, ''),
(453, 477, ''),
(454, 478, ''),
(455, 479, ''),
(456, 480, ''),
(457, 481, ''),
(458, 482, ''),
(459, 484, ''),
(460, 485, ''),
(461, 486, ''),
(462, 487, ''),
(463, 488, ''),
(464, 489, ''),
(465, 490, ''),
(466, 491, ''),
(467, 492, ''),
(468, 493, ''),
(469, 494, ''),
(470, 495, ''),
(471, 496, ''),
(472, 497, ''),
(473, 498, ''),
(474, 499, ''),
(475, 500, ''),
(476, 501, ''),
(477, 502, ''),
(478, 503, ''),
(479, 504, ''),
(480, 505, ''),
(481, 506, ''),
(482, 507, ''),
(483, 508, ''),
(484, 509, ''),
(485, 510, ')'),
(486, 511, 'blapy'),
(487, 512, ''),
(488, 513, ''),
(489, 514, ''),
(490, 515, ''),
(491, 516, ''),
(492, 517, ''),
(493, 518, ''),
(494, 519, ''),
(495, 520, ''),
(496, 521, ''),
(497, 522, ''),
(498, 523, ''),
(499, 524, ''),
(500, 525, ''),
(501, 526, ''),
(502, 527, ''),
(503, 528, ''),
(504, 529, ''),
(505, 530, ''),
(506, 531, ''),
(507, 532, ''),
(508, 533, ''),
(509, 534, ''),
(510, 535, ''),
(511, 536, ''),
(512, 537, ''),
(513, 538, ''),
(514, 539, ''),
(515, 540, ''),
(516, 541, ''),
(517, 542, ''),
(518, 543, ''),
(519, 544, ''),
(520, 545, ''),
(521, 546, ''),
(522, 547, ''),
(523, 548, ''),
(524, 550, ''),
(525, 551, ''),
(526, 552, ''),
(527, 553, ''),
(528, 554, ''),
(529, 555, ''),
(530, 556, ''),
(531, 557, ''),
(532, 558, ''),
(533, 559, ''),
(534, 560, ''),
(535, 561, ''),
(536, 562, ''),
(537, 563, ''),
(538, 564, ''),
(539, 565, ''),
(540, 566, 'class point:'),
(541, 566, '    def __init__():'),
(542, 567, ''),
(543, 568, ''),
(544, 569, ''),
(545, 570, ''),
(546, 571, ''),
(547, 572, ''),
(548, 573, ''),
(549, 574, ''),
(550, 575, ''),
(551, 576, ''),
(552, 577, ''),
(553, 578, ''),
(554, 579, ''),
(555, 580, ''),
(556, 581, ''),
(557, 582, ''),
(558, 583, ''),
(559, 584, ''),
(560, 585, ''),
(561, 586, ''),
(562, 587, ''),
(563, 588, '2'),
(564, 589, ''),
(565, 590, ''),
(566, 591, ''),
(567, 592, ''),
(568, 593, ''),
(569, 594, ''),
(570, 595, ''),
(571, 596, ''),
(572, 597, ''),
(573, 598, ''),
(574, 599, ''),
(575, 600, ''),
(576, 601, ''),
(577, 602, ''),
(578, 603, ''),
(579, 604, ''),
(580, 605, ''),
(581, 607, ''),
(582, 608, ''),
(583, 609, ''),
(584, 610, ''),
(585, 611, ''),
(586, 612, ''),
(587, 613, ''),
(588, 614, ''),
(589, 615, ''),
(590, 616, 'o'),
(591, 617, '-'),
(592, 618, ''),
(593, 619, ''),
(594, 620, ''),
(595, 621, ''),
(596, 622, ''),
(597, 623, ''),
(598, 624, ''),
(599, 625, ''),
(600, 626, ''),
(601, 627, ''),
(602, 628, ''),
(603, 629, ''),
(604, 630, ''),
(605, 631, ''),
(606, 632, ''),
(607, 634, ''),
(608, 635, ''),
(609, 636, ''),
(610, 637, ''),
(611, 638, ''),
(612, 639, ''),
(613, 640, ''),
(614, 641, ''),
(615, 642, ''),
(616, 643, ''),
(617, 644, ''),
(618, 645, ''),
(619, 646, ''),
(620, 647, ''),
(621, 648, ''),
(622, 649, ''),
(623, 650, ''),
(624, 651, ''),
(625, 652, ''),
(626, 653, ''),
(627, 654, ''),
(628, 656, ''),
(629, 657, ''),
(630, 658, ''),
(631, 659, ''),
(632, 660, ''),
(633, 661, ''),
(634, 662, ''),
(635, 663, ''),
(636, 664, 'o'),
(637, 665, ''),
(638, 666, ''),
(639, 667, ''),
(640, 668, ''),
(641, 669, ''),
(642, 670, ''),
(643, 671, ''),
(644, 672, ''),
(645, 673, ''),
(646, 674, ''),
(647, 675, ''),
(648, 676, ''),
(649, 677, ''),
(650, 678, ''),
(651, 679, ''),
(652, 680, 'o'),
(653, 681, '-'),
(654, 682, ''),
(655, 683, ''),
(656, 684, ''),
(657, 685, ''),
(658, 686, ''),
(659, 687, ''),
(660, 688, ''),
(661, 689, ''),
(662, 690, ''),
(663, 691, ''),
(664, 692, ''),
(665, 693, ''),
(666, 694, ''),
(667, 695, ''),
(668, 696, ''),
(669, 697, ''),
(670, 698, ''),
(671, 699, ''),
(672, 700, ''),
(673, 701, ''),
(674, 702, ''),
(675, 703, ''),
(676, 704, ''),
(677, 705, ''),
(678, 706, ''),
(679, 708, ''),
(680, 709, ''),
(681, 710, ''),
(682, 711, ''),
(683, 712, ''),
(684, 713, ''),
(685, 714, ''),
(686, 715, ''),
(687, 716, ''),
(688, 717, ''),
(689, 718, ''),
(690, 719, ''),
(691, 720, ''),
(692, 721, '"'),
(693, 722, ''),
(694, 723, ''),
(695, 724, ''),
(696, 725, ''),
(697, 726, ''),
(698, 727, ''),
(699, 728, ''),
(700, 729, ''),
(701, 730, 'c'),
(702, 731, ''),
(703, 732, ''),
(704, 733, ''),
(705, 734, ''),
(706, 735, ''),
(707, 736, ''),
(708, 737, ''),
(709, 738, ''),
(710, 739, ''),
(711, 740, ''),
(712, 741, ''),
(713, 742, ''),
(714, 743, ''),
(715, 745, ''),
(716, 747, ''),
(717, 749, ''),
(718, 750, ''),
(719, 751, ''),
(720, 752, ''),
(721, 753, ''),
(722, 754, ''),
(723, 755, ''),
(724, 756, ''),
(725, 757, ''),
(726, 758, ''),
(727, 759, ''),
(728, 760, ''),
(729, 761, ''),
(730, 762, ''),
(731, 763, ''),
(732, 764, ''),
(733, 765, ''),
(734, 766, ''),
(735, 767, ''),
(736, 768, ''),
(737, 769, ''),
(738, 770, ''),
(739, 771, ''),
(740, 772, ''),
(741, 773, ''),
(742, 774, ''),
(743, 775, ''),
(744, 776, ''),
(745, 777, ''),
(746, 778, ''),
(747, 779, ''),
(748, 780, 's'),
(749, 781, ''),
(750, 782, ''),
(751, 783, ''),
(752, 784, ''),
(753, 785, ''),
(754, 786, ''),
(755, 787, ''),
(756, 788, ''),
(757, 789, ''),
(758, 790, ''),
(759, 791, ''),
(760, 792, ''),
(761, 793, ''),
(762, 794, 'c'),
(763, 795, ''),
(764, 796, ''),
(765, 797, ''),
(766, 799, ''),
(767, 801, ''),
(768, 802, ''),
(769, 803, ''),
(770, 804, ''),
(771, 805, ''),
(772, 806, ''),
(773, 807, 'public'),
(774, 808, ''),
(775, 810, ''),
(776, 811, ''),
(777, 812, ''),
(778, 813, ''),
(779, 814, ''),
(780, 815, ''),
(781, 816, ''),
(782, 817, ''),
(783, 818, ''),
(784, 819, ''),
(785, 820, ''),
(786, 821, ''),
(787, 822, ''),
(788, 823, ''),
(789, 824, ''),
(790, 825, ''),
(791, 826, ''),
(792, 827, ''),
(793, 828, ''),
(794, 829, ''),
(795, 830, ''),
(796, 831, ''),
(797, 832, ''),
(798, 833, ''),
(799, 834, ''),
(800, 835, ''),
(801, 836, ''),
(802, 837, ''),
(803, 838, ''),
(804, 839, ''),
(805, 840, ''),
(806, 842, ''),
(807, 843, ''),
(808, 844, ''),
(809, 845, ''),
(810, 846, ''),
(811, 847, ''),
(812, 848, ''),
(813, 849, ''),
(814, 850, ''),
(815, 851, ''),
(816, 852, ''),
(817, 853, ''),
(818, 854, ''),
(819, 855, ''),
(820, 856, ''),
(821, 857, ''),
(822, 858, ''),
(823, 859, ''),
(824, 860, ''),
(825, 861, ''),
(826, 862, ''),
(827, 863, ''),
(828, 864, ''),
(829, 865, ''),
(830, 867, ''),
(831, 868, ''),
(832, 869, ''),
(833, 870, ''),
(834, 871, ''),
(835, 872, ''),
(836, 873, ''),
(837, 875, ''),
(838, 876, ''),
(839, 877, ''),
(840, 878, ''),
(841, 879, ''),
(842, 881, ''),
(843, 882, ''),
(844, 885, ''),
(845, 886, 'S'),
(846, 887, '{'),
(847, 889, ''),
(848, 890, 'ystem.out.println("coucou");'),
(849, 891, ''),
(850, 892, ''),
(851, 894, ''),
(852, 895, '}'),
(853, 896, ''),
(854, 897, ''),
(855, 898, ''),
(856, 899, ''),
(857, 900, ''),
(858, 901, ''),
(859, 902, ''),
(860, 903, ''),
(861, 904, ''),
(862, 905, ''),
(863, 906, ''),
(864, 907, ''),
(865, 908, ''),
(866, 909, ''),
(867, 910, ''),
(868, 911, ''),
(869, 912, ''),
(870, 913, ''),
(871, 914, ''),
(872, 915, ''),
(873, 916, ''),
(874, 917, ''),
(875, 918, ''),
(876, 919, ''),
(877, 920, ''),
(878, 921, ''),
(879, 922, ''),
(880, 924, ''),
(881, 925, ''),
(882, 926, ''),
(883, 927, '"'),
(884, 928, ''),
(885, 929, ''),
(886, 930, ''),
(887, 931, ''),
(888, 932, ''),
(889, 933, ''),
(890, 934, ''),
(891, 936, ''),
(892, 937, ''),
(893, 938, ''),
(894, 939, ''),
(895, 940, ''),
(896, 941, ''),
(897, 942, ''),
(898, 943, ''),
(899, 944, ''),
(900, 945, ''),
(901, 947, ''),
(902, 949, ''),
(903, 950, ''),
(904, 951, ''),
(905, 952, ''),
(906, 953, ''),
(907, 954, ''),
(908, 955, ''),
(909, 956, ''),
(910, 957, ''),
(911, 958, ''),
(912, 959, ''),
(913, 960, ''),
(914, 961, ''),
(915, 962, ''),
(916, 963, ''),
(917, 964, ''),
(918, 965, ''),
(919, 966, ''),
(920, 967, ''),
(921, 968, ''),
(922, 969, ''),
(923, 970, ''),
(924, 971, ''),
(925, 972, ''),
(926, 973, ''),
(927, 974, ''),
(928, 975, ''),
(929, 976, ''),
(930, 977, ''),
(931, 978, ''),
(932, 979, ''),
(933, 980, ''),
(934, 982, ''),
(935, 986, ''),
(936, 987, ''),
(937, 988, ''),
(938, 989, ''),
(939, 990, ''),
(940, 991, ''),
(941, 993, ''),
(942, 994, ''),
(943, 995, ''),
(944, 996, ''),
(945, 997, ''),
(946, 998, ''),
(947, 999, ''),
(948, 1000, ''),
(949, 1001, ''),
(950, 1002, ''),
(951, 1003, 'm'),
(952, 1004, ''),
(953, 1005, 't'),
(954, 1006, '"'),
(955, 1007, ''),
(956, 1008, ''),
(957, 1009, '"'),
(958, 1010, '"'),
(959, 1011, 'y'),
(960, 1012, 'p'),
(961, 1013, '.'),
(962, 1014, ''),
(963, 1015, ''),
(964, 1016, ''),
(965, 1017, '<script src="../../codemirror/mode/clike/clike.js"></script>'),
(966, 1018, ''),
(967, 1019, 'import fich1'),
(968, 1020, ''),
(969, 1020, ''),
(970, 1021, ''),
(971, 1022, ''),
(972, 1023, ''),
(973, 1024, ''),
(974, 1026, ''),
(975, 1027, ''),
(976, 1028, ''),
(977, 1029, ''),
(978, 1030, ''),
(979, 1031, ''),
(980, 1032, ''),
(981, 1033, ''),
(982, 1034, ''),
(983, 1035, ''),
(984, 1036, ''),
(985, 1037, ''),
(986, 1038, 'a ='),
(987, 1039, ''),
(988, 1040, ''),
(989, 1041, ''),
(990, 1042, ''),
(991, 1043, ''),
(992, 1044, ''),
(993, 1045, ''),
(994, 1046, ''),
(995, 1047, ''),
(996, 1048, ''),
(997, 1049, ''),
(998, 1050, ''),
(999, 1051, ''),
(1000, 1052, ''),
(1001, 1053, ''),
(1002, 1055, ''),
(1003, 1056, ''),
(1004, 1057, ''),
(1005, 1058, ''),
(1006, 1059, ''),
(1007, 1060, ''),
(1008, 1061, ''),
(1009, 1062, ''),
(1010, 1063, ''),
(1011, 1064, ''),
(1012, 1065, ''),
(1013, 1066, ''),
(1014, 1067, ''),
(1015, 1069, ''),
(1016, 1070, ''),
(1017, 1071, ''),
(1018, 1072, ''),
(1019, 1073, ''),
(1020, 1074, ''),
(1021, 1075, ''),
(1022, 1076, ''),
(1023, 1077, ''),
(1024, 1078, ''),
(1025, 1079, ''),
(1026, 1080, ''),
(1027, 1081, ''),
(1028, 1082, ''),
(1029, 1083, ''),
(1030, 1084, ''),
(1031, 1085, ''),
(1032, 1086, ''),
(1033, 1087, ''),
(1034, 1088, ''),
(1035, 1089, ''),
(1036, 1090, ''),
(1037, 1091, ''),
(1038, 1092, ''),
(1039, 1093, ''),
(1040, 1094, ''),
(1041, 1095, ''),
(1042, 1096, ''),
(1043, 1097, 'functio'),
(1044, 1098, ''),
(1045, 1099, ''),
(1046, 1100, ''),
(1047, 1101, ''),
(1048, 1102, ''),
(1049, 1103, ''),
(1050, 1104, ''),
(1051, 1105, ''),
(1052, 1106, ''),
(1053, 1107, ''),
(1054, 1108, ''),
(1055, 1109, ''),
(1056, 1110, ''),
(1057, 1111, '');

-- --------------------------------------------------------

--
-- Table structure for table `eventText`
--

CREATE TABLE IF NOT EXISTS `eventText` (
  `id` int(11) NOT NULL AUTO_INCREMENT,
  `event_id` int(11) NOT NULL,
  `text` text NOT NULL,
  PRIMARY KEY (`id`),
  KEY `id` (`id`)
) ENGINE=InnoDB  DEFAULT CHARSET=latin1 AUTO_INCREMENT=1073 ;

--
-- Dumping data for table `eventText`
--

INSERT INTO `eventText` (`id`, `event_id`, `text`) VALUES
(1, 1, 'b'),
(2, 2, 'z'),
(3, 4, 'r'),
(4, 5, 'e'),
(5, 6, 'r'),
(6, 7, 'b'),
(7, 8, 'e'),
(8, 9, 'r'),
(9, 10, ''),
(10, 11, 'b'),
(11, 10, ''),
(12, 12, 'e'),
(13, 13, 'b'),
(14, 15, 'e'),
(15, 17, ''),
(16, 17, ''),
(17, 18, 'b'),
(18, 19, 'e'),
(19, 20, ''),
(20, 20, ''),
(21, 21, 'r'),
(22, 23, 'b'),
(23, 25, 'e'),
(24, 26, 'r'),
(25, 27, ''),
(26, 27, ''),
(27, 28, 'b'),
(28, 29, ''),
(29, 29, ''),
(30, 31, ''),
(31, 31, ''),
(32, 32, 'e'),
(33, 33, ''),
(34, 34, 'r'),
(35, 33, ''),
(36, 35, 'b'),
(37, 36, 'z'),
(38, 37, 'e'),
(39, 38, ''),
(40, 39, 'c'),
(41, 40, 'o'),
(42, 41, 'u'),
(43, 42, 'c'),
(44, 43, 'o'),
(45, 44, 'u'),
(46, 45, 'v'),
(47, 46, 'o'),
(48, 47, 'i'),
(49, 48, 'd'),
(50, 49, ' '),
(51, 50, 'a'),
(52, 51, 'm'),
(53, 52, 'i'),
(54, 53, 'n'),
(55, 54, '('),
(56, 55, ')'),
(57, 56, '{'),
(58, 58, ' '),
(59, 60, ' '),
(60, 61, '}'),
(61, 62, ''),
(62, 62, ''),
(63, 63, ''),
(64, 64, ''),
(65, 65, 'm'),
(66, 66, 'a'),
(67, 67, ''),
(68, 68, ''),
(69, 69, ''),
(70, 70, ''),
(71, 71, ''),
(72, 72, ''),
(73, 73, ''),
(74, 74, 'p'),
(75, 75, 'r'),
(76, 76, 'i'),
(77, 77, 'n'),
(78, 78, 't'),
(79, 79, 'f'),
(80, 80, '('),
(81, 81, ')'),
(82, 82, ';'),
(83, 83, '"'),
(84, 84, '"'),
(85, 85, 'h'),
(86, 86, 'e'),
(87, 87, 'l'),
(88, 88, 'l'),
(89, 89, 'o'),
(90, 90, ''),
(91, 91, ''),
(92, 92, ''),
(93, 93, ''),
(94, 94, ''),
(95, 95, ''),
(96, 96, 'v'),
(97, 97, 'o'),
(98, 98, 'i'),
(99, 99, 'd'),
(100, 100, ' '),
(101, 101, 'm'),
(102, 102, 'a'),
(103, 103, 'i'),
(104, 104, 'n'),
(105, 105, '('),
(106, 106, ')'),
(107, 107, '{'),
(108, 109, ' '),
(109, 110, 'p'),
(110, 111, 'r'),
(111, 112, 'i'),
(112, 113, 'n'),
(113, 114, 't'),
(114, 115, 'f'),
(115, 116, '('),
(116, 117, ')'),
(117, 118, ';'),
(118, 120, ' '),
(119, 121, ''),
(120, 122, ''),
(121, 123, ''),
(122, 124, ''),
(123, 125, '}'),
(124, 126, '"'),
(125, 127, 'h'),
(126, 128, 'e'),
(127, 129, 'l'),
(128, 130, 'l'),
(129, 131, 'o'),
(130, 132, '"'),
(131, 133, 'c'),
(132, 134, 'o'),
(133, 135, 'u'),
(134, 136, 'c'),
(135, 137, 'o'),
(136, 138, 'u'),
(137, 139, ''),
(138, 140, ''),
(139, 141, 'i'),
(140, 142, 'n'),
(141, 143, 'd'),
(142, 144, 's'),
(143, 145, 'd'),
(144, 146, 'b'),
(145, 148, 's'),
(146, 149, 'b'),
(147, 151, 's'),
(148, 152, ''),
(149, 152, ''),
(150, 153, 'b'),
(151, 155, 's'),
(152, 156, ''),
(153, 156, ''),
(154, 157, 'b'),
(155, 159, 'd'),
(156, 160, ''),
(157, 160, ''),
(158, 161, 'b'),
(159, 163, 'd'),
(160, 164, ''),
(161, 164, ''),
(162, 165, 'b'),
(163, 167, 'd'),
(164, 168, 'b'),
(165, 169, 's'),
(166, 170, 'd'),
(167, 171, 'b'),
(168, 172, ''),
(169, 172, ''),
(170, 173, 'g'),
(171, 174, 'e'),
(172, 175, 's'),
(173, 176, 'g'),
(174, 177, 'e'),
(175, 178, 's'),
(176, 179, 'g'),
(177, 180, 'e'),
(178, 181, 'r'),
(179, 182, 'g'),
(180, 183, 'e'),
(181, 184, 's'),
(182, 185, 'r'),
(183, 186, 'g'),
(184, 188, 's'),
(185, 189, 'g'),
(186, 191, 'e'),
(187, 192, ''),
(188, 192, ''),
(189, 193, 'g'),
(190, 194, 'e'),
(191, 196, 's'),
(192, 198, ''),
(193, 198, ''),
(194, 199, 'e'),
(195, 200, 's'),
(196, 201, 'r'),
(197, 203, ''),
(198, 203, ''),
(199, 205, 's'),
(200, 207, 'r'),
(201, 208, 'g'),
(202, 209, ''),
(203, 209, ''),
(204, 212, 'r'),
(205, 213, ''),
(206, 213, ''),
(207, 217, 's'),
(208, 218, ''),
(209, 218, ''),
(210, 219, 'g'),
(211, 222, 's'),
(212, 223, 'r'),
(213, 224, 'g'),
(214, 225, 'c'),
(215, 226, 'o'),
(216, 227, 'u'),
(217, 228, 'c'),
(218, 229, 'o'),
(219, 230, 'u'),
(220, 231, 'c'),
(221, 232, 'o'),
(222, 233, 'u'),
(223, 234, 'c'),
(224, 235, 'o'),
(225, 236, 'u'),
(226, 237, 'c'),
(227, 238, 'o'),
(228, 239, 'u'),
(229, 240, 'c'),
(230, 241, 'o'),
(231, 242, 'u'),
(232, 243, ''),
(233, 243, ''),
(234, 244, 'v'),
(235, 245, 'o'),
(236, 246, 'i'),
(237, 247, 'd'),
(238, 248, ' '),
(239, 249, 'p'),
(240, 250, 'r'),
(241, 251, 'i'),
(242, 252, 'n'),
(243, 253, 't'),
(244, 254, 'f'),
(245, 255, '('),
(246, 256, '"'),
(247, 257, '"'),
(248, 258, 'c'),
(249, 259, 'o'),
(250, 260, 'u'),
(251, 261, 'c'),
(252, 262, 'o'),
(253, 263, 'u'),
(254, 264, 'c'),
(255, 265, ')'),
(256, 266, ';'),
(257, 267, ''),
(258, 267, ''),
(259, 268, 'e'),
(260, 270, 'z'),
(261, 271, ''),
(262, 272, ''),
(263, 273, ''),
(264, 274, ''),
(265, 275, ' '),
(266, 277, 'f'),
(267, 279, 'e'),
(268, 280, 'f'),
(269, 281, 'z'),
(270, 282, 'e'),
(271, 283, 'f'),
(272, 284, 'z'),
(273, 285, 'e'),
(274, 286, 'f'),
(275, 287, 'z'),
(276, 288, 'e'),
(277, 290, ' '),
(278, 291, '}'),
(279, 292, ''),
(280, 293, '!!APOST!!'),
(281, 294, 'c'),
(282, 295, 'o'),
(283, 296, 'u'),
(284, 297, 'c'),
(285, 298, 'o'),
(286, 299, 'u'),
(287, 300, 'c'),
(288, 301, 'o'),
(289, 302, 'u'),
(290, 303, 'c'),
(291, 304, 'o'),
(292, 305, 'u'),
(293, 306, 'c'),
(294, 307, 'o'),
(295, 308, 'u'),
(296, 309, 'c'),
(297, 310, 'o'),
(298, 311, 'u'),
(299, 312, ''),
(300, 312, ''),
(301, 313, ''),
(302, 314, ''),
(303, 315, 'p'),
(304, 316, 'r'),
(305, 317, 'i'),
(306, 318, 'n'),
(307, 319, 't'),
(308, 320, 'f'),
(309, 321, '('),
(310, 322, '"'),
(311, 323, '"'),
(312, 324, ''),
(313, 325, 'c'),
(314, 326, 'o'),
(315, 327, 'u'),
(316, 328, 'c'),
(317, 329, 'o'),
(318, 330, 'u'),
(319, 331, '"'),
(320, 332, ')'),
(321, 333, ';'),
(322, 335, ' '),
(323, 336, 'c'),
(324, 337, 'o'),
(325, 338, 'u'),
(326, 339, 'c'),
(327, 340, 'o'),
(328, 341, 'u'),
(329, 342, 'c'),
(330, 343, 'o'),
(331, 344, 'u'),
(332, 345, 'c'),
(333, 346, 'o'),
(334, 347, 'u'),
(335, 348, 'c'),
(336, 349, 'o'),
(337, 350, 'u'),
(338, 351, 'c'),
(339, 352, 'o'),
(340, 353, 'u'),
(341, 354, 'c'),
(342, 355, 'o'),
(343, 356, 'u'),
(344, 357, 'c'),
(345, 358, 'o'),
(346, 359, 'u'),
(347, 360, 'c'),
(348, 361, 'o'),
(349, 362, 'c'),
(350, 363, 'u'),
(351, 364, 'c'),
(352, 365, 'o'),
(353, 366, 'u'),
(354, 367, 'c'),
(355, 368, 'o'),
(356, 369, 'c'),
(357, 370, 'u'),
(358, 371, 'c'),
(359, 372, 'c'),
(360, 373, 'o'),
(361, 374, 'u'),
(362, 375, 'c'),
(363, 376, 'o'),
(364, 377, 'u'),
(365, 378, 'z'),
(366, 379, 'a'),
(367, 380, 'd'),
(368, 381, 'a'),
(369, 382, 'c'),
(370, 383, 'o'),
(371, 384, 'u'),
(372, 385, 'c'),
(373, 386, 'o'),
(374, 387, 'u'),
(375, 388, ''),
(376, 388, ''),
(377, 389, 'e'),
(378, 390, 'e'),
(379, 391, 'e'),
(380, 392, 'e'),
(381, 393, 'e'),
(382, 394, 'c'),
(383, 395, 'o'),
(384, 396, 'u'),
(385, 397, 'c'),
(386, 398, 'o'),
(387, 399, 'u'),
(388, 400, '.'),
(389, 401, 'p'),
(390, 402, 'y'),
(391, 403, 'b'),
(392, 404, 'l'),
(393, 405, 'a'),
(394, 407, 'p'),
(395, 408, 'y'),
(396, 409, ''),
(397, 410, ''),
(398, 411, ''),
(399, 412, ''),
(400, 413, ''),
(401, 414, ''),
(402, 415, ''),
(403, 416, ''),
(404, 417, ''),
(405, 418, 'b'),
(406, 419, 'l'),
(407, 420, ''),
(408, 421, ''),
(409, 422, 'p'),
(410, 423, 'r'),
(411, 424, 'i'),
(412, 425, 'n'),
(413, 426, 't'),
(414, 427, ' '),
(415, 428, '"'),
(416, 429, '"'),
(417, 430, 'c'),
(418, 431, 'o'),
(419, 432, 'u'),
(420, 433, 'c'),
(421, 434, 'o'),
(422, 435, 'u'),
(423, 436, 'f'),
(424, 437, 'o'),
(425, 438, 'r'),
(426, 439, ' '),
(427, 440, 'i'),
(428, 441, ' '),
(429, 442, 'i'),
(430, 443, 'n'),
(431, 444, ' '),
(432, 445, 'r'),
(433, 446, 'a'),
(434, 447, 'n'),
(435, 448, 'g'),
(436, 449, 'e'),
(437, 450, '('),
(438, 451, '1'),
(439, 452, '0'),
(440, 453, ')'),
(441, 454, ':'),
(442, 456, '    '),
(443, 457, ''),
(444, 458, 'i'),
(445, 459, ' '),
(446, 461, '    '),
(447, 462, ''),
(448, 463, ''),
(449, 464, 'f'),
(450, 465, 'o'),
(451, 466, 'r'),
(452, 467, ' '),
(453, 468, 'i'),
(454, 469, ' '),
(455, 470, 'i'),
(456, 471, 'n'),
(457, 472, ' '),
(458, 473, 'r'),
(459, 474, 'a'),
(460, 475, 'n'),
(461, 476, 'g'),
(462, 477, 'e'),
(463, 478, '('),
(464, 479, '1'),
(465, 480, '0'),
(466, 481, ')'),
(467, 482, ':'),
(468, 484, '    '),
(469, 485, 'p'),
(470, 486, 'r'),
(471, 487, 'i'),
(472, 488, 'n'),
(473, 489, 't'),
(474, 490, ' '),
(475, 491, 'i'),
(476, 492, ' '),
(477, 493, ''),
(478, 494, ' '),
(479, 495, '"'),
(480, 496, ' '),
(481, 497, 'c'),
(482, 498, 'o'),
(483, 499, 'u'),
(484, 500, 'c'),
(485, 501, 'o'),
(486, 502, 'u'),
(487, 503, '"'),
(488, 504, 's'),
(489, 505, 't'),
(490, 506, 'r'),
(491, 507, '('),
(492, 508, ')'),
(493, 509, '0'),
(494, 510, ''),
(495, 511, 'p'),
(496, 512, 'r'),
(497, 513, 'i'),
(498, 514, 'n'),
(499, 515, 't'),
(500, 516, ' '),
(501, 517, '"'),
(502, 518, '"'),
(503, 519, 'b'),
(504, 520, 'l'),
(505, 521, 'a'),
(506, 522, 'p'),
(507, 523, 'y'),
(508, 524, 'f'),
(509, 525, ')'),
(510, 526, 'p'),
(511, 527, 'r'),
(512, 528, 'i'),
(513, 529, 'n'),
(514, 530, 't'),
(515, 531, ' '),
(516, 532, '"'),
(517, 533, 'b'),
(518, 534, 'l'),
(519, 535, 'i'),
(520, 536, '"'),
(521, 537, 'c'),
(522, 538, 'l'),
(523, 539, 'a'),
(524, 540, 's'),
(525, 541, 's'),
(526, 542, ' '),
(527, 543, 'p'),
(528, 544, 'o'),
(529, 545, 'i'),
(530, 546, 'n'),
(531, 547, 't'),
(532, 548, ':'),
(533, 550, '    '),
(534, 551, 'd'),
(535, 552, 'e'),
(536, 553, 'f'),
(537, 554, ' '),
(538, 555, '_'),
(539, 556, '_'),
(540, 557, 'i'),
(541, 558, 'n'),
(542, 559, 'i'),
(543, 560, 't'),
(544, 561, '_'),
(545, 562, '_'),
(546, 563, '('),
(547, 564, ')'),
(548, 565, ':'),
(549, 566, 'p'),
(550, 567, 'r'),
(551, 568, 'i'),
(552, 569, 'n'),
(553, 570, 't'),
(554, 571, 'p'),
(555, 572, ' '),
(556, 573, '"'),
(557, 574, 'c'),
(558, 575, 'o'),
(559, 576, 'u'),
(560, 577, 'c'),
(561, 578, 'o'),
(562, 579, 'u'),
(563, 580, '"'),
(564, 581, ''),
(565, 582, 's'),
(566, 583, 't'),
(567, 584, 'r'),
(568, 585, '('),
(569, 586, '2'),
(570, 587, ')'),
(571, 588, ''),
(572, 589, '3'),
(573, 590, 'b'),
(574, 591, 'l'),
(575, 592, 'a'),
(576, 593, 'e'),
(577, 594, 'x'),
(578, 595, 'e'),
(579, 596, 'c'),
(580, 597, ':'),
(581, 598, ' '),
(582, 599, 'o'),
(583, 600, 't'),
(584, 601, 'h'),
(585, 602, 'e'),
(586, 603, 'r'),
(587, 604, '.'),
(588, 605, 'o'),
(589, 607, '    '),
(590, 608, '	'),
(591, 609, ''),
(592, 610, 'g'),
(593, 611, 'c'),
(594, 612, 'c'),
(595, 613, ' '),
(596, 614, '-'),
(597, 615, 'o'),
(598, 616, ''),
(599, 617, ''),
(600, 618, 'o'),
(601, 619, 't'),
(602, 620, 'h'),
(603, 621, 'e'),
(604, 622, 'r'),
(605, 623, '.'),
(606, 624, 'o'),
(607, 625, ' '),
(608, 626, '-'),
(609, 627, 'o'),
(610, 628, ' '),
(611, 629, 'e'),
(612, 630, 'x'),
(613, 631, 'e'),
(614, 632, 'c'),
(615, 634, '    '),
(616, 635, ''),
(617, 636, ''),
(618, 637, ''),
(619, 638, ''),
(620, 639, 'o'),
(621, 640, 't'),
(622, 641, 'h'),
(623, 642, 'e'),
(624, 643, 'r'),
(625, 644, '.'),
(626, 645, 'o'),
(627, 646, ':'),
(628, 647, ' '),
(629, 648, 'o'),
(630, 649, 't'),
(631, 650, 'h'),
(632, 651, 'e'),
(633, 652, 'r'),
(634, 653, '.'),
(635, 654, 'c'),
(636, 656, '    '),
(637, 657, '	'),
(638, 658, ''),
(639, 659, 'g'),
(640, 660, 'c'),
(641, 661, 'c'),
(642, 662, ' '),
(643, 663, 'o'),
(644, 664, ''),
(645, 665, '-'),
(646, 666, 'c'),
(647, 667, ' '),
(648, 668, 'o'),
(649, 669, 't'),
(650, 670, 'h'),
(651, 671, 'e'),
(652, 672, 'r'),
(653, 673, '.'),
(654, 674, 'c'),
(655, 675, ' '),
(656, 676, '-'),
(657, 677, 'o'),
(658, 678, ' '),
(659, 679, ''),
(660, 680, ''),
(661, 681, ''),
(662, 682, ''),
(663, 683, '#'),
(664, 684, 'i'),
(665, 685, 'n'),
(666, 686, 'c'),
(667, 687, 'l'),
(668, 688, 'u'),
(669, 689, 'd'),
(670, 690, 'e'),
(671, 691, ' '),
(672, 692, 's'),
(673, 693, 't'),
(674, 694, 'd'),
(675, 695, 'i'),
(676, 696, 'o'),
(677, 697, '.'),
(678, 698, 'h'),
(679, 699, '>'),
(680, 700, '<'),
(681, 701, '        '),
(682, 702, '        '),
(683, 703, ''),
(684, 704, '	'),
(685, 705, ''),
(686, 706, '	'),
(687, 708, 'u'),
(688, 709, 't'),
(689, 710, 's'),
(690, 711, ' '),
(691, 712, '"'),
(692, 713, '"'),
(693, 714, 'c'),
(694, 715, 'o'),
(695, 716, 'u'),
(696, 717, 'c'),
(697, 718, 'o'),
(698, 719, 'u'),
(699, 720, 'p'),
(700, 721, ''),
(701, 722, '"'),
(702, 723, 'p'),
(703, 724, 'u'),
(704, 725, 'c'),
(705, 726, 'l'),
(706, 727, 'i'),
(707, 728, 'c'),
(708, 729, ' '),
(709, 730, ''),
(710, 731, 'b'),
(711, 732, 'm'),
(712, 733, 'a'),
(713, 734, 'i'),
(714, 735, 'n'),
(715, 736, '1'),
(716, 737, 'c'),
(717, 738, 'l'),
(718, 739, 'a'),
(719, 740, 's'),
(720, 741, 's'),
(721, 742, ' '),
(722, 743, '{'),
(723, 745, '    '),
(724, 747, '    '),
(725, 749, '    '),
(726, 750, ''),
(727, 751, ''),
(728, 752, ''),
(729, 753, ''),
(730, 754, '}'),
(731, 755, 's'),
(732, 756, 't'),
(733, 757, 'a'),
(734, 758, 't'),
(735, 759, 'i'),
(736, 760, 'c'),
(737, 761, ' '),
(738, 762, 'p'),
(739, 763, 'u'),
(740, 764, 'b'),
(741, 765, 'l'),
(742, 766, 'i'),
(743, 767, 'c'),
(744, 768, ' '),
(745, 769, 'v'),
(746, 770, 'o'),
(747, 771, 'i'),
(748, 772, 'd'),
(749, 773, ' '),
(750, 774, 'm'),
(751, 775, 'a'),
(752, 776, 'i'),
(753, 777, 'n'),
(754, 778, '('),
(755, 779, 's'),
(756, 780, ''),
(757, 781, 'S'),
(758, 782, 't'),
(759, 783, 'r'),
(760, 784, 'i'),
(761, 785, 'n'),
(762, 786, 'g'),
(763, 787, '['),
(764, 788, ']'),
(765, 789, ' '),
(766, 790, 'a'),
(767, 791, 'r'),
(768, 792, 'g'),
(769, 793, 'c'),
(770, 794, ''),
(771, 795, 's'),
(772, 796, ')'),
(773, 797, '{'),
(774, 799, '        '),
(775, 801, '        '),
(776, 802, ''),
(777, 803, ''),
(778, 804, ''),
(779, 805, ''),
(780, 806, '}'),
(781, 807, ''),
(782, 808, 'S'),
(783, 810, 's'),
(784, 811, 't'),
(785, 812, 'e'),
(786, 813, 'm'),
(787, 814, '.'),
(788, 815, 'o'),
(789, 816, 'u'),
(790, 817, 't'),
(791, 818, '.'),
(792, 819, 'p'),
(793, 820, 'r'),
(794, 821, 'i'),
(795, 822, 'n'),
(796, 823, 't'),
(797, 824, 'l'),
(798, 825, 'n'),
(799, 826, '('),
(800, 827, ')'),
(801, 828, ';'),
(802, 829, '"'),
(803, 830, '"'),
(804, 831, 'c'),
(805, 832, 'o'),
(806, 833, 'u'),
(807, 834, 'c'),
(808, 835, 'o'),
(809, 836, 'u'),
(810, 837, ''),
(811, 837, ''),
(812, 838, ''),
(813, 839, 'y'),
(814, 840, ''),
(815, 842, '        '),
(816, 843, 'f'),
(817, 844, 'o'),
(818, 845, 'r'),
(819, 846, '('),
(820, 847, 'i'),
(821, 848, 'n'),
(822, 849, 't'),
(823, 850, ' '),
(824, 851, 'i'),
(825, 852, ' '),
(826, 853, ''),
(827, 854, ';'),
(828, 855, 'i'),
(829, 856, '<'),
(830, 857, '1'),
(831, 858, '0'),
(832, 859, ';'),
(833, 860, 'i'),
(834, 861, ''),
(835, 862, ''),
(836, 863, ')'),
(837, 864, '{'),
(838, 865, '	'),
(839, 867, '            '),
(840, 868, ''),
(841, 869, ''),
(842, 870, ''),
(843, 871, ''),
(844, 872, '}'),
(845, 873, '            '),
(846, 875, '	'),
(847, 876, ''),
(848, 877, '	'),
(849, 878, ''),
(850, 878, ''),
(851, 879, '            '),
(852, 881, ''),
(853, 882, '            '),
(854, 885, '            '),
(855, 886, ''),
(856, 887, ''),
(857, 889, '        '),
(858, 890, ''),
(859, 891, '{'),
(860, 892, ''),
(861, 894, '    '),
(862, 895, ''),
(863, 896, '}'),
(864, 897, '}'),
(865, 898, 'S'),
(866, 899, 'y'),
(867, 900, 's'),
(868, 901, 't'),
(869, 902, 'e'),
(870, 903, 'm'),
(871, 904, '.'),
(872, 905, 'o'),
(873, 906, 'u'),
(874, 907, 't'),
(875, 908, '.'),
(876, 909, 'p'),
(877, 910, 'r'),
(878, 911, 'i'),
(879, 912, 'n'),
(880, 913, 't'),
(881, 914, 'l'),
(882, 915, 'n'),
(883, 916, '('),
(884, 917, ')'),
(885, 918, ';'),
(886, 919, '"'),
(887, 920, '"'),
(888, 921, 'c'),
(889, 922, 'o'),
(890, 924, 'c'),
(891, 925, 'o'),
(892, 926, 'u'),
(893, 927, ''),
(894, 928, '"'),
(895, 929, '='),
(896, 930, '0'),
(897, 931, ''),
(898, 932, 'i'),
(899, 933, ''),
(900, 933, ''),
(901, 934, 'v'),
(902, 936, 'i'),
(903, 937, 'd'),
(904, 938, ' '),
(905, 939, 'm'),
(906, 940, 'a'),
(907, 941, 'i'),
(908, 942, 'n'),
(909, 943, '('),
(910, 944, ')'),
(911, 945, '{'),
(912, 947, '    '),
(913, 949, '    '),
(914, 950, ''),
(915, 951, ''),
(916, 952, ''),
(917, 953, ''),
(918, 954, '}'),
(919, 955, 'p'),
(920, 956, 'r'),
(921, 957, 'i'),
(922, 958, 'n'),
(923, 959, 't'),
(924, 960, 'f'),
(925, 961, '('),
(926, 962, ''),
(927, 963, ''),
(928, 964, ')'),
(929, 965, ';'),
(930, 966, '"'),
(931, 967, '"'),
(932, 968, 'c'),
(933, 969, 'o'),
(934, 970, 'u'),
(935, 971, 'c'),
(936, 972, 'o'),
(937, 973, 'u'),
(938, 974, ''),
(939, 975, 'o'),
(940, 976, ''),
(941, 976, ''),
(942, 977, 'd'),
(943, 978, 'e'),
(944, 979, 'f'),
(945, 980, ' '),
(946, 982, 'm'),
(947, 986, 't'),
(948, 987, ' '),
(949, 988, '"'),
(950, 989, '"'),
(951, 990, 'f'),
(952, 991, 'i'),
(953, 993, 'h'),
(954, 994, '1'),
(955, 995, '.'),
(956, 996, 'p'),
(957, 997, 'y'),
(958, 998, 'i'),
(959, 999, 'm'),
(960, 1000, 'p'),
(961, 1001, 'o'),
(962, 1002, 'r'),
(963, 1003, ''),
(964, 1004, 't'),
(965, 1005, ''),
(966, 1006, ''),
(967, 1007, '"'),
(968, 1008, 'c'),
(969, 1009, ''),
(970, 1010, ''),
(971, 1011, ''),
(972, 1012, ''),
(973, 1013, ''),
(974, 1014, ' '),
(975, 1015, ''),
(976, 1015, ''),
(977, 1016, '<script src="../../codemirror/mode/clike/clike.js"></script>'),
(978, 1017, ''),
(979, 1018, 'import fich1'),
(980, 1019, ''),
(981, 1020, ''),
(982, 1021, 'a'),
(983, 1022, ' '),
(984, 1023, '='),
(985, 1024, ' '),
(986, 1026, 'm'),
(987, 1027, 'p'),
(988, 1028, 'o'),
(989, 1029, 'r'),
(990, 1030, 't'),
(991, 1031, 'i'),
(992, 1032, ' '),
(993, 1033, 'f'),
(994, 1034, 'i'),
(995, 1035, 'c'),
(996, 1036, 'h'),
(997, 1037, '1'),
(998, 1038, ''),
(999, 1039, ''),
(1000, 1039, ''),
(1001, 1040, 'd'),
(1002, 1041, 'e'),
(1003, 1042, 'f'),
(1004, 1043, ' '),
(1005, 1044, 'f'),
(1006, 1045, 'u'),
(1007, 1046, 'n'),
(1008, 1047, 'c'),
(1009, 1048, 't'),
(1010, 1049, 'i'),
(1011, 1050, 'o'),
(1012, 1051, '('),
(1013, 1052, ')'),
(1014, 1053, ':'),
(1015, 1055, '    '),
(1016, 1056, 'p'),
(1017, 1057, 'r'),
(1018, 1058, 'i'),
(1019, 1059, 'n'),
(1020, 1060, 't'),
(1021, 1061, ' '),
(1022, 1062, '"'),
(1023, 1063, '"'),
(1024, 1064, 'w'),
(1025, 1065, 'a'),
(1026, 1066, 'z'),
(1027, 1067, 'a'),
(1028, 1069, '    '),
(1029, 1070, 'r'),
(1030, 1071, 'e'),
(1031, 1072, 't'),
(1032, 1073, 'u'),
(1033, 1074, 'r'),
(1034, 1075, 'n'),
(1035, 1076, '('),
(1036, 1077, '"'),
(1037, 1078, '"'),
(1038, 1079, ')'),
(1039, 1080, 'b'),
(1040, 1081, 'l'),
(1041, 1082, 'a'),
(1042, 1083, ''),
(1043, 1083, ''),
(1044, 1084, 'a'),
(1045, 1085, ' '),
(1046, 1086, '='),
(1047, 1087, ' '),
(1048, 1088, 'f'),
(1049, 1089, 'u'),
(1050, 1090, 'n'),
(1051, 1091, 'c'),
(1052, 1092, 't'),
(1053, 1093, 'i'),
(1054, 1094, 'o'),
(1055, 1095, '('),
(1056, 1096, ')'),
(1057, 1097, 'functio'),
(1058, 1098, 'f'),
(1059, 1099, 'i'),
(1060, 1100, 'c'),
(1061, 1101, 'h'),
(1062, 1102, '1'),
(1063, 1103, '.'),
(1064, 1104, ''),
(1065, 1104, ''),
(1066, 1105, 'p'),
(1067, 1106, 'r'),
(1068, 1107, 'i'),
(1069, 1108, 'n'),
(1070, 1109, 't'),
(1071, 1110, ' '),
(1072, 1111, 'a');

-- --------------------------------------------------------

--
-- Table structure for table `fichier`
--

CREATE TABLE IF NOT EXISTS `fichier` (
  `id` int(11) NOT NULL AUTO_INCREMENT,
  `projet_id` int(11) NOT NULL,
  `nom` text NOT NULL,
  `language` text NOT NULL,
  PRIMARY KEY (`id`),
  KEY `id` (`id`)
) ENGINE=InnoDB  DEFAULT CHARSET=latin1 AUTO_INCREMENT=50 ;

--
-- Dumping data for table `fichier`
--

INSERT INTO `fichier` (`id`, `projet_id`, `nom`, `language`) VALUES
(2, 2, 'nouveauFichier', 'py'),
(3, 1, 'nouveauFichier', 'py'),
(4, 3, 'nouveauFichier', 'py'),
(5, 5, 'nouveauFichier', 'py'),
(6, 3, 'new', 'py'),
(7, 3, 'fichi1.py', 'py'),
(8, 4, '', ''),
(9, 3, 'bla', 'ver'),
(10, 4, '', ''),
(11, 4, 'coucou', 'py'),
(12, 4, 'blleeee', 'py'),
(13, 4, 'mathias', 'py'),
(14, 4, 'ezgzegze', 'de'),
(15, 4, 'mathias', 'java'),
(16, 1, 'fichiermil', 'c'),
(17, 1, 'new', 'py'),
(18, 9, 'fichier1', 'py'),
(19, 14, 'efzefz', 'fez'),
(20, 15, 'new', 'py'),
(21, 10, 'main', 'c'),
(22, 12, '', ''),
(23, 10, 'fez', 'd'),
(24, 17, 'coucou', 'fr'),
(25, 16, 'coucou', 'c'),
(26, 18, 'fich1', 'java'),
(27, 18, 'fich2', 'java'),
(28, 18, 'fich3', 'java'),
(29, 18, 'blab', 'er'),
(30, 18, 'ble', 'js'),
(31, 19, 'coucou', 'rb'),
(32, 9, 'file2', 'py'),
(33, 20, 'efzzef', 'fez'),
(34, 20, 'ezfe', 'ef'),
(35, 22, 'fez', 'fez'),
(36, 25, 'blalba', 'bla'),
(37, 26, 'coucou', 'js'),
(38, 27, 'bla', 'c'),
(39, 27, 'coeerg', 'fzef'),
(40, 29, 'coucou', 'py'),
(41, 29, 'bla', 'py'),
(42, 30, 'coucou', 'py'),
(43, 21, 'fich1', 'py'),
(44, 21, 'else', 'java'),
(45, 21, 'other', 'c'),
(46, 21, 'Makefile', ''),
(47, 21, 'main1', 'java'),
(48, 21, 'blabla', 'rb'),
(49, 21, 'fich2', 'py');

-- --------------------------------------------------------

--
-- Table structure for table `groupes`
--

CREATE TABLE IF NOT EXISTS `groupes` (
  `id` int(11) NOT NULL AUTO_INCREMENT,
  `nom` text NOT NULL,
  PRIMARY KEY (`id`),
  KEY `id` (`id`)
) ENGINE=InnoDB  DEFAULT CHARSET=latin1 AUTO_INCREMENT=5 ;

--
-- Dumping data for table `groupes`
--

INSERT INTO `groupes` (`id`, `nom`) VALUES
(2, 'M1-ISI'),
(3, 'M2-ISI'),
(4, '');

-- --------------------------------------------------------

--
-- Table structure for table `instanceUniversitaire`
--

CREATE TABLE IF NOT EXISTS `instanceUniversitaire` (
  `id` int(11) NOT NULL AUTO_INCREMENT,
  `sessionUniv_id` int(11) NOT NULL,
  `user_id` int(11) NOT NULL,
  `session_id` int(11) NOT NULL,
  PRIMARY KEY (`id`),
  KEY `id` (`id`)
) ENGINE=InnoDB  DEFAULT CHARSET=latin1 AUTO_INCREMENT=10 ;

--
-- Dumping data for table `instanceUniversitaire`
--

INSERT INTO `instanceUniversitaire` (`id`, `sessionUniv_id`, `user_id`, `session_id`) VALUES
(5, 8, 6, 25),
(6, 11, 6, 43),
(7, 11, 8, 45),
(8, 12, 6, 48),
(9, 10, 6, 50);

-- --------------------------------------------------------

--
-- Table structure for table `professeur`
--

CREATE TABLE IF NOT EXISTS `professeur` (
  `id` int(11) NOT NULL AUTO_INCREMENT,
  `user_id` int(11) NOT NULL,
  PRIMARY KEY (`id`),
  KEY `id` (`id`)
) ENGINE=InnoDB  DEFAULT CHARSET=latin1 AUTO_INCREMENT=10 ;

--
-- Dumping data for table `professeur`
--

INSERT INTO `professeur` (`id`, `user_id`) VALUES
(1, 8),
(2, 9),
(3, 11),
(4, 12),
(5, 13),
(6, 14),
(7, 15),
(8, 16),
(9, 17);

-- --------------------------------------------------------

--
-- Table structure for table `projet`
--

CREATE TABLE IF NOT EXISTS `projet` (
  `id` int(11) NOT NULL AUTO_INCREMENT,
  `session_id` int(11) NOT NULL,
  `nom` text NOT NULL,
  PRIMARY KEY (`id`),
  KEY `id` (`id`)
) ENGINE=InnoDB  DEFAULT CHARSET=latin1 AUTO_INCREMENT=31 ;

--
-- Dumping data for table `projet`
--

INSERT INTO `projet` (`id`, `session_id`, `nom`) VALUES
(1, 9, 'projet 1'),
(2, 9, 'projet 2'),
(3, 9, 'projet3'),
(4, 8, 'projet 4'),
(5, 9, 'nouveauProjet'),
(6, 9, 'nouveauProjet'),
(8, 9, 'bla'),
(9, 16, 'projet 1'),
(10, 16, 'the new project'),
(11, 16, 'bla'),
(12, 16, 'coucou'),
(13, 16, 'mince'),
(14, 16, 'ha'),
(15, 16, 'ba'),
(16, 17, 'blaa'),
(17, 17, 'waza'),
(18, 18, 'tp1'),
(19, 18, 'tp2'),
(20, 25, 'proj1'),
(21, 43, 'tp1'),
(22, 43, 'zefzef'),
(23, 45, ''),
(24, 45, 'dzedze'),
(25, 27, 'bla'),
(26, 29, 'fezfze'),
(27, 48, 'tp2'),
(28, 46, ''),
(29, 46, 'coucou'),
(30, 46, 'abcde');

-- --------------------------------------------------------

--
-- Table structure for table `relation_groupe`
--

CREATE TABLE IF NOT EXISTS `relation_groupe` (
  `id` int(11) NOT NULL AUTO_INCREMENT,
  `id_user` int(11) NOT NULL,
  `id_group` int(11) NOT NULL,
  PRIMARY KEY (`id`),
  KEY `id` (`id`)
) ENGINE=InnoDB  DEFAULT CHARSET=latin1 AUTO_INCREMENT=4 ;

--
-- Dumping data for table `relation_groupe`
--

INSERT INTO `relation_groupe` (`id`, `id_user`, `id_group`) VALUES
(1, 13, 3),
(2, 6, 3),
(3, 14, 4);

-- --------------------------------------------------------

--
-- Table structure for table `session`
--

CREATE TABLE IF NOT EXISTS `session` (
  `id` int(11) NOT NULL AUTO_INCREMENT,
  `user_id` int(11) NOT NULL,
  `name` text NOT NULL,
  PRIMARY KEY (`id`),
  KEY `id` (`id`)
) ENGINE=InnoDB  DEFAULT CHARSET=latin1 AUTO_INCREMENT=51 ;

--
-- Dumping data for table `session`
--

INSERT INTO `session` (`id`, `user_id`, `name`) VALUES
(6, 5, 'grergergaaa'),
(7, 5, 'eegzze'),
(8, 0, 'sessionmil'),
(9, 0, 'bla'),
(10, 0, 'coucou'),
(11, 0, 'fzefz'),
(12, 0, 'coucou'),
(13, 0, 'fez'),
(14, 5, 'session perso 1'),
(15, 5, 'session perso 1'),
(16, 6, 'session 1'),
(17, 6, 'sess2'),
(18, 6, 'nbereb'),
(19, 6, 'test'),
(20, 0, 'fzef'),
(21, 6, 'fzef'),
(22, 0, 'sessionName1'),
(23, 0, 'sessionName1'),
(24, 6, 'sessionName1'),
(25, 6, 'sessionName1'),
(27, 6, 'blabla'),
(28, 6, 'fzefze'),
(29, 6, 'fze'),
(30, 6, 'fzefz'),
(31, 6, 'fzefze'),
(32, 6, 'fzefzef'),
(33, 6, 'eerger'),
(34, 6, 'gergerg'),
(35, 6, 'gergergerg'),
(36, 6, 'gergergergergergergergergergergeg'),
(37, 6, 'gregergerger'),
(38, 6, 'gergergergergre'),
(39, 6, 'rgergergergerg'),
(40, 0, 'bhiuhiu'),
(41, 0, 'hop3x'),
(42, 6, 'ezgezgze'),
(43, 6, 'hop3x'),
(44, 8, 'dezfzef'),
(45, 8, 'hop3x'),
(46, 6, 'coucou'),
(47, 0, 'bla2'),
(48, 6, 'bla2'),
(50, 6, 'bhiuhiu');

-- --------------------------------------------------------

--
-- Table structure for table `sessionPerso`
--

CREATE TABLE IF NOT EXISTS `sessionPerso` (
  `id` int(11) NOT NULL AUTO_INCREMENT,
  `session_id` int(11) NOT NULL,
  PRIMARY KEY (`id`),
  KEY `id` (`id`)
) ENGINE=InnoDB  DEFAULT CHARSET=latin1 AUTO_INCREMENT=19 ;

--
-- Dumping data for table `sessionPerso`
--

INSERT INTO `sessionPerso` (`id`, `session_id`) VALUES
(1, 26),
(2, 27),
(3, 28),
(4, 29),
(5, 30),
(6, 31),
(7, 32),
(8, 33),
(9, 34),
(10, 35),
(11, 36),
(12, 37),
(13, 38),
(14, 39),
(15, 42),
(16, 44),
(17, 46),
(18, 49);

-- --------------------------------------------------------

--
-- Table structure for table `sessionUniversitaire`
--

CREATE TABLE IF NOT EXISTS `sessionUniversitaire` (
  `id` int(11) NOT NULL AUTO_INCREMENT,
  `enseignant_id` int(11) NOT NULL,
  `dateDebutSession` text NOT NULL,
  `dateFinSession` text NOT NULL,
  `session_id` int(11) NOT NULL,
  PRIMARY KEY (`id`),
  KEY `id` (`id`)
) ENGINE=InnoDB  DEFAULT CHARSET=latin1 AUTO_INCREMENT=13 ;

--
-- Dumping data for table `sessionUniversitaire`
--

INSERT INTO `sessionUniversitaire` (`id`, `enseignant_id`, `dateDebutSession`, `dateFinSession`, `session_id`) VALUES
(8, 1, 'date1', 'date2', 22),
(10, 1, 'hiuhi', 'uhiuhiu', 40),
(11, 1, 'ezfezf', 'zefezfze', 41),
(12, 0, 'eeeee', 'fffffff', 47);

-- --------------------------------------------------------

--
-- Table structure for table `test`
--

CREATE TABLE IF NOT EXISTS `test` (
  `id` int(11) NOT NULL AUTO_INCREMENT,
  `message` text NOT NULL,
  `code` longtext NOT NULL,
  `sessionUniversitaire_id` int(11) NOT NULL,
  PRIMARY KEY (`id`),
  KEY `id` (`id`)
) ENGINE=InnoDB  DEFAULT CHARSET=latin1 AUTO_INCREMENT=2 ;

--
-- Dumping data for table `test`
--

INSERT INTO `test` (`id`, `message`, `code`, `sessionUniversitaire_id`) VALUES
(1, 'Votre script est sense avoir un main', 'int test1(){\r\n   if(haveAmain()){\r\n       return(true);\r\n   }\r\nelse{\r\n  return(true);\r\n}\r\n}', 0);

-- --------------------------------------------------------

--
-- Table structure for table `Utilisateurs`
--

CREATE TABLE IF NOT EXISTS `Utilisateurs` (
  `id` int(11) NOT NULL AUTO_INCREMENT,
  `username` text NOT NULL,
  `motdePasse` text NOT NULL,
  `nom` text NOT NULL,
  `prenom` text NOT NULL,
  `email` int(11) NOT NULL,
  `cleSecureCoockie` int(11) NOT NULL,
  PRIMARY KEY (`id`),
  KEY `id` (`id`)
) ENGINE=InnoDB  DEFAULT CHARSET=latin1 AUTO_INCREMENT=19 ;

--
-- Dumping data for table `Utilisateurs`
--

INSERT INTO `Utilisateurs` (`id`, `username`, `motdePasse`, `nom`, `prenom`, `email`, `cleSecureCoockie`) VALUES
(6, 'matdid18', 'fi8u5w', 'mathias', 'didier', 0, 5855),
(8, 'PieJac65', 'HFMtUy', 'Pierre', 'Jacoboni', 0, 11089),
(9, 'Chrdes89', '6fQCmS', 'Christophe', 'despers', 0, 15807),
(10, 'ezffze41', 'lZmKWA', 'ezfezfezfez', 'fzefzef', 0, 12613),
(11, 'matdid79', 'jV6mHQ', 'matfzefze', 'diddzdzef', 0, 14474),
(12, 'matdid1', 'DeIcuh', 'matfzefze', 'diddzdzef', 0, 14061),
(13, 'aaabbb31', '9elm42', 'aaaa', 'bbbb', 0, 17898),
(14, 'aaabbb80', 'QdpAVs', 'aaaa', 'bbbb', 0, 13123),
(15, 'aaabbb6', 'mrndAj', 'aaaa', 'bbbb', 0, 12337),
(16, 'aaabbb42', 'veLoSu', 'aaaa', 'bbbb', 0, 8748),
(17, 'coubla97', 'FH2KyQ', 'coucou', 'blalba', 0, 4367),
(18, 'lolcat', 'ZbB4MO', 'lol', 'cat', 0, 18768);

/*!40101 SET CHARACTER_SET_CLIENT=@OLD_CHARACTER_SET_CLIENT */;
/*!40101 SET CHARACTER_SET_RESULTS=@OLD_CHARACTER_SET_RESULTS */;
/*!40101 SET COLLATION_CONNECTION=@OLD_COLLATION_CONNECTION */;
