-- phpMyAdmin SQL Dump
-- version 4.0.10deb1
-- http://www.phpmyadmin.net
--
-- Host: localhost
-- Generation Time: Mar 03, 2016 at 04:04 PM
-- Server version: 5.5.47-0ubuntu0.14.04.1
-- PHP Version: 5.5.9-1ubuntu4.14

SET SQL_MODE = "NO_AUTO_VALUE_ON_ZERO";
SET time_zone = "+00:00";


/*!40101 SET @OLD_CHARACTER_SET_CLIENT=@@CHARACTER_SET_CLIENT */;
/*!40101 SET @OLD_CHARACTER_SET_RESULTS=@@CHARACTER_SET_RESULTS */;
/*!40101 SET @OLD_COLLATION_CONNECTION=@@COLLATION_CONNECTION */;
/*!40101 SET NAMES utf8 */;

--
-- Database: `hop3x`
--

-- --------------------------------------------------------

--
-- Table structure for table `activity`
--

CREATE TABLE IF NOT EXISTS `activity` (
  `id` int(11) NOT NULL AUTO_INCREMENT,
  `user_id` int(11) NOT NULL,
  `time` int(11) NOT NULL,
  PRIMARY KEY (`id`),
  KEY `id` (`id`)
) ENGINE=InnoDB  DEFAULT CHARSET=latin1 AUTO_INCREMENT=301 ;

--
-- Dumping data for table `activity`
--

INSERT INTO `activity` (`id`, `user_id`, `time`) VALUES
(1, 3, 2147483647),
(2, 3, 2147483647),
(3, 3, 2147483647),
(4, 3, 2147483647),
(5, 3, 2147483647),
(6, 3, 2147483647),
(7, 3, 2147483647),
(8, 3, 2147483647),
(9, 3, 2147483647),
(10, 3, 2147483647),
(11, 3, 2147483647),
(12, 3, 2147483647),
(13, 3, 2147483647),
(14, 3, 2147483647),
(15, 3, 2147483647),
(16, 3, 2147483647),
(17, 3, 2147483647),
(18, 3, 2147483647),
(19, 3, 2147483647),
(20, 3, 2147483647),
(21, 3, 2147483647),
(22, 3, 2147483647),
(23, 3, 2147483647),
(24, 3, 2147483647),
(25, 3, 2147483647),
(26, 3, 2147483647),
(27, 3, 2147483647),
(28, 3, 2147483647),
(29, 3, 2147483647),
(30, 3, 2147483647),
(31, 3, 2147483647),
(32, 3, 2147483647),
(33, 3, 2147483647),
(34, 3, 2147483647),
(35, 3, 2147483647),
(36, 3, 2147483647),
(37, 3, 2147483647),
(38, 3, 2147483647),
(39, 3, 2147483647),
(40, 3, 2147483647),
(41, 3, 2147483647),
(42, 3, 2147483647),
(43, 3, 2147483647),
(44, 3, 2147483647),
(45, 3, 2147483647),
(46, 3, 2147483647),
(47, 3, 2147483647),
(48, 3, 2147483647),
(49, 3, 2147483647),
(50, 3, 2147483647),
(51, 3, 2147483647),
(52, 3, 2147483647),
(53, 3, 2147483647),
(54, 3, 2147483647),
(55, 3, 2147483647),
(56, 3, 2147483647),
(57, 3, 2147483647),
(58, 3, 2147483647),
(59, 3, 2147483647),
(60, 3, 2147483647),
(61, 3, 2147483647),
(62, 3, 2147483647),
(63, 3, 2147483647),
(64, 3, 2147483647),
(65, 3, 2147483647),
(66, 3, 2147483647),
(67, 3, 2147483647),
(68, 3, 2147483647),
(69, 3, 2147483647),
(70, 3, 2147483647),
(71, 3, 2147483647),
(72, 3, 2147483647),
(73, 3, 2147483647),
(74, 3, 2147483647),
(75, 3, 2147483647),
(76, 3, 2147483647),
(77, 3, 2147483647),
(78, 3, 2147483647),
(79, 3, 2147483647),
(80, 3, 2147483647),
(81, 3, 2147483647),
(82, 3, 2147483647),
(83, 3, 2147483647),
(84, 3, 2147483647),
(85, 3, 2147483647),
(86, 3, 2147483647),
(87, 3, 2147483647),
(88, 3, 2147483647),
(89, 3, 2147483647),
(90, 3, 2147483647),
(91, 3, 2147483647),
(92, 3, 2147483647),
(93, 3, 2147483647),
(94, 3, 2147483647),
(95, 3, 2147483647),
(96, 3, 2147483647),
(97, 3, 2147483647),
(98, 3, 2147483647),
(99, 3, 2147483647),
(100, 3, 2147483647),
(101, 3, 2147483647),
(102, 3, 2147483647),
(103, 3, 2147483647),
(104, 3, 2147483647),
(105, 3, 2147483647),
(106, 3, 2147483647),
(107, 3, 2147483647),
(108, 3, 2147483647),
(109, 3, 2147483647),
(110, 3, 2147483647),
(111, 3, 2147483647),
(112, 3, 2147483647),
(113, 3, 2147483647),
(114, 3, 2147483647),
(115, 3, 2147483647),
(116, 3, 2147483647),
(117, 3, 2147483647),
(118, 3, 2147483647),
(119, 3, 2147483647),
(120, 3, 2147483647),
(121, 3, 2147483647),
(122, 3, 2147483647),
(123, 3, 2147483647),
(124, 3, 2147483647),
(125, 3, 2147483647),
(126, 3, 2147483647),
(127, 3, 2147483647),
(128, 3, 2147483647),
(129, 3, 2147483647),
(130, 3, 2147483647),
(131, 3, 2147483647),
(132, 3, 2147483647),
(133, 3, 2147483647),
(134, 3, 2147483647),
(135, 3, 2147483647),
(136, 3, 2147483647),
(137, 3, 2147483647),
(138, 3, 2147483647),
(139, 3, 2147483647),
(140, 3, 2147483647),
(141, 3, 2147483647),
(142, 3, 2147483647),
(143, 3, 2147483647),
(144, 3, 2147483647),
(145, 3, 2147483647),
(146, 3, 2147483647),
(147, 3, 2147483647),
(148, 3, 2147483647),
(149, 3, 2147483647),
(150, 3, 2147483647),
(151, 3, 2147483647),
(152, 3, 2147483647),
(153, 3, 2147483647),
(154, 3, 2147483647),
(155, 3, 2147483647),
(156, 3, 2147483647),
(157, 3, 2147483647),
(158, 3, 2147483647),
(159, 3, 2147483647),
(160, 3, 2147483647),
(161, 3, 2147483647),
(162, 3, 2147483647),
(163, 3, 2147483647),
(164, 3, 2147483647),
(165, 3, 2147483647),
(166, 3, 2147483647),
(167, 3, 2147483647),
(168, 3, 2147483647),
(169, 3, 2147483647),
(170, 3, 2147483647),
(171, 3, 2147483647),
(172, 3, 2147483647),
(173, 3, 2147483647),
(174, 3, 2147483647),
(175, 3, 2147483647),
(176, 3, 2147483647),
(177, 3, 2147483647),
(178, 3, 2147483647),
(179, 3, 2147483647),
(180, 3, 2147483647),
(181, 3, 2147483647),
(182, 3, 2147483647),
(183, 3, 2147483647),
(184, 3, 2147483647),
(185, 3, 2147483647),
(186, 3, 2147483647),
(187, 3, 2147483647),
(188, 3, 2147483647),
(189, 3, 2147483647),
(190, 3, 2147483647),
(191, 3, 2147483647),
(192, 3, 2147483647),
(193, 3, 2147483647),
(194, 3, 2147483647),
(195, 3, 2147483647),
(196, 3, 2147483647),
(197, 3, 2147483647),
(198, 3, 2147483647),
(199, 3, 2147483647),
(200, 3, 2147483647),
(201, 3, 2147483647),
(202, 3, 2147483647),
(203, 3, 2147483647),
(204, 3, 2147483647),
(205, 3, 2147483647),
(206, 3, 2147483647),
(207, 3, 2147483647),
(208, 3, 2147483647),
(209, 3, 2147483647),
(210, 3, 2147483647),
(211, 3, 2147483647),
(212, 3, 2147483647),
(213, 3, 2147483647),
(214, 3, 2147483647),
(215, 3, 2147483647),
(216, 3, 2147483647),
(217, 3, 2147483647),
(218, 3, 2147483647),
(219, 3, 2147483647),
(220, 3, 2147483647),
(221, 3, 2147483647),
(222, 3, 2147483647),
(223, 3, 2147483647),
(224, 3, 2147483647),
(225, 3, 2147483647),
(226, 3, 2147483647),
(227, 3, 2147483647),
(228, 3, 2147483647),
(229, 3, 2147483647),
(230, 3, 2147483647),
(231, 3, 2147483647),
(232, 3, 2147483647),
(233, 3, 2147483647),
(234, 3, 2147483647),
(235, 3, 2147483647),
(236, 3, 2147483647),
(237, 3, 2147483647),
(238, 3, 2147483647),
(239, 3, 2147483647),
(240, 3, 2147483647),
(241, 3, 2147483647),
(242, 3, 2147483647),
(243, 3, 2147483647),
(244, 3, 2147483647),
(245, 3, 2147483647),
(246, 3, 2147483647),
(247, 3, 2147483647),
(248, 3, 2147483647),
(249, 3, 2147483647),
(250, 3, 2147483647),
(251, 3, 2147483647),
(252, 3, 2147483647),
(253, 3, 2147483647),
(254, 3, 2147483647),
(255, 3, 2147483647),
(256, 3, 2147483647),
(257, 3, 2147483647),
(258, 3, 2147483647),
(259, 3, 2147483647),
(260, 3, 2147483647),
(261, 3, 2147483647),
(262, 3, 2147483647),
(263, 3, 2147483647),
(264, 3, 2147483647),
(265, 3, 2147483647),
(266, 3, 2147483647),
(267, 3, 2147483647),
(268, 3, 2147483647),
(269, 3, 2147483647),
(270, 3, 2147483647),
(271, 3, 2147483647),
(272, 3, 2147483647),
(273, 3, 2147483647),
(274, 3, 2147483647),
(275, 3, 2147483647),
(276, 3, 2147483647),
(277, 3, 2147483647),
(278, 3, 2147483647),
(279, 3, 2147483647),
(280, 3, 2147483647),
(281, 3, 2147483647),
(282, 3, 2147483647),
(283, 3, 2147483647),
(284, 3, 2147483647),
(285, 3, 2147483647),
(286, 3, 2147483647),
(287, 3, 2147483647),
(288, 3, 2147483647),
(289, 3, 2147483647),
(290, 3, 2147483647),
(291, 3, 2147483647),
(292, 3, 2147483647),
(293, 3, 2147483647),
(294, 3, 2147483647),
(295, 3, 2147483647),
(296, 3, 2147483647),
(297, 3, 2147483647),
(298, 3, 2147483647),
(299, 3, 2147483647),
(300, 3, 2147483647);

-- --------------------------------------------------------

--
-- Table structure for table `enoncee`
--

CREATE TABLE IF NOT EXISTS `enoncee` (
  `id` int(11) NOT NULL AUTO_INCREMENT,
  `message` text NOT NULL,
  `messagewin` text NOT NULL,
  `sessionUniversitaire_id` int(11) NOT NULL,
  PRIMARY KEY (`id`),
  KEY `id` (`id`)
) ENGINE=InnoDB  DEFAULT CHARSET=latin1 AUTO_INCREMENT=3 ;

--
-- Dumping data for table `enoncee`
--

INSERT INTO `enoncee` (`id`, `message`, `messagewin`, `sessionUniversitaire_id`) VALUES
(1, 'Enonce numero 1', 'Ceci est le message de felicitation', 0),
(2, 'Saisir un texte ici.', 'Saisir un texte ici.', 13);

-- --------------------------------------------------------

--
-- Table structure for table `etudiants`
--

CREATE TABLE IF NOT EXISTS `etudiants` (
  `id` int(11) NOT NULL AUTO_INCREMENT,
  `user_id` int(11) NOT NULL,
  PRIMARY KEY (`id`),
  UNIQUE KEY `id` (`id`)
) ENGINE=InnoDB  DEFAULT CHARSET=latin1 AUTO_INCREMENT=3 ;

--
-- Dumping data for table `etudiants`
--

INSERT INTO `etudiants` (`id`, `user_id`) VALUES
(1, 18),
(2, 6);

-- --------------------------------------------------------

--
-- Table structure for table `evenement`
--

CREATE TABLE IF NOT EXISTS `evenement` (
  `id` int(11) NOT NULL AUTO_INCREMENT,
  `time` text NOT NULL,
  `file_id` int(11) NOT NULL,
  `from_l` int(11) NOT NULL,
  `from_c` int(11) NOT NULL,
  `to_l` int(11) NOT NULL,
  `to_c` int(11) NOT NULL,
  `text` text NOT NULL,
  `removed` text NOT NULL,
  PRIMARY KEY (`id`),
  KEY `id` (`id`)
) ENGINE=InnoDB  DEFAULT CHARSET=latin1 AUTO_INCREMENT=394 ;

--
-- Dumping data for table `evenement`
--

INSERT INTO `evenement` (`id`, `time`, `file_id`, `from_l`, `from_c`, `to_l`, `to_c`, `text`, `removed`) VALUES
(1, '1456805525408', 18, 0, 0, 0, 0, '', ''),
(2, '1456805525519', 18, 0, 1, 0, 1, '', ''),
(3, '1456805525551', 18, 0, 2, 0, 2, '', ''),
(4, '1456805525572', 18, 0, 3, 0, 3, '', ''),
(5, '1456805525790', 18, 0, 4, 0, 4, '', ''),
(6, '1456805525895', 18, 0, 5, 0, 5, '', ''),
(7, '1456805525987', 18, 0, 6, 0, 6, '', ''),
(8, '1456805526116', 18, 0, 7, 0, 7, '', ''),
(9, '1456805526145', 18, 0, 8, 0, 8, '', ''),
(10, '1456805526530', 18, 0, 9, 0, 9, '', ''),
(11, '1456805526589', 18, 1, 0, 1, 0, '', ''),
(12, '1456805526682', 18, 1, 1, 1, 1, '', ''),
(13, '1456805526874', 18, 1, 2, 1, 2, '', ''),
(14, '1456805526969', 18, 1, 3, 1, 3, '', ''),
(15, '1456805527038', 18, 2, 0, 2, 0, '', ''),
(16, '1456805527174', 18, 2, 1, 2, 1, '', ''),
(17, '1456805527210', 18, 2, 2, 2, 2, '', ''),
(18, '1456805527291', 18, 3, 0, 3, 0, '', ''),
(19, '1456805527393', 18, 3, 1, 3, 1, '', ''),
(20, '1456805527418', 18, 3, 2, 3, 2, '', ''),
(21, '1456805527475', 18, 4, 0, 4, 0, '', ''),
(22, '1456805527595', 18, 4, 1, 4, 1, '', ''),
(23, '1456805527624', 18, 5, 0, 5, 0, '', ''),
(24, '1456805527723', 18, 5, 1, 5, 1, '', ''),
(25, '1456805527739', 18, 6, 0, 6, 0, '', ''),
(26, '1456805527779', 18, 6, 1, 6, 1, '', ''),
(27, '1456805527874', 18, 6, 2, 6, 2, '', ''),
(28, '1456805527908', 18, 7, 0, 7, 0, '', ''),
(29, '1456805528015', 18, 7, 1, 7, 1, '', ''),
(30, '1456805528173', 18, 8, 0, 8, 0, '', ''),
(31, '1456805528191', 18, 8, 1, 8, 1, '', ''),
(32, '1456805528267', 18, 9, 0, 9, 0, '', ''),
(33, '1456805528324', 18, 9, 1, 9, 1, '', ''),
(34, '1456805528364', 18, 10, 0, 10, 0, '', ''),
(35, '1456805528441', 18, 10, 1, 10, 1, '', ''),
(36, '1456805528580', 18, 10, 2, 10, 2, '', ''),
(37, '1456805528600', 18, 10, 3, 10, 3, '', ''),
(38, '1456805537851', 18, 0, 0, 10, 4, '', ''),
(39, '1456805540949', 18, 0, 0, 0, 0, '', ''),
(40, '1456805541052', 18, 0, 1, 0, 1, '', ''),
(41, '1456805541183', 18, 0, 2, 0, 2, '', ''),
(42, '1456805541353', 18, 0, 3, 0, 3, '', ''),
(43, '1456805541493', 18, 0, 4, 0, 4, '', ''),
(44, '1456805541596', 18, 0, 5, 0, 5, '', ''),
(45, '1456805546949', 18, 0, 0, 0, 6, '', ''),
(46, '1456805547049', 18, 0, 1, 0, 1, '', ''),
(47, '1456805547135', 18, 0, 2, 0, 2, '', ''),
(48, '1456805547232', 18, 0, 3, 0, 3, '', ''),
(49, '1456805547372', 18, 0, 4, 0, 4, '', ''),
(50, '1456805547608', 18, 0, 5, 0, 5, '', ''),
(51, '1456805547722', 18, 0, 6, 0, 6, '', ''),
(52, '1456805547859', 18, 0, 7, 0, 7, '', ''),
(53, '1456805548157', 18, 0, 8, 0, 8, '', ''),
(54, '1456805548371', 18, 0, 9, 0, 9, '', ''),
(55, '1456805548755', 18, 0, 10, 0, 10, '', ''),
(56, '1456805549200', 18, 0, 11, 0, 11, '', ''),
(57, '1456805549543', 18, 0, 12, 0, 12, '', ''),
(58, '1456805549544', 18, 1, 0, 1, 0, '', ''),
(59, '1456805549695', 18, 1, 4, 1, 4, '', ''),
(60, '1456805549695', 18, 2, 0, 2, 0, '', ''),
(61, '1456805550429', 18, 2, 4, 2, 4, '', ''),
(62, '1456805552444', 18, 2, 4, 2, 4, '', ''),
(63, '1456805555115', 18, 0, 6, 0, 7, '', ''),
(64, '1456805555262', 18, 0, 5, 0, 6, '', ''),
(65, '1456805555608', 18, 0, 5, 0, 5, '', ''),
(66, '1456805555741', 18, 0, 6, 0, 6, '', ''),
(67, '1456805557521', 18, 1, 4, 1, 4, '', ''),
(68, '1456805558489', 18, 1, 4, 1, 5, '', ''),
(69, '1456805559192', 18, 1, 3, 1, 4, '', ''),
(70, '1456805559867', 18, 1, 2, 1, 3, '', ''),
(71, '1456805560176', 18, 1, 1, 1, 2, '', ''),
(72, '1456805560601', 18, 1, 0, 1, 1, '', ''),
(73, '1456805561084', 18, 1, 0, 1, 0, '', ''),
(74, '1456805562492', 18, 1, 1, 1, 1, '', ''),
(75, '1456805562608', 18, 1, 2, 1, 2, '', ''),
(76, '1456805562828', 18, 1, 3, 1, 3, '', ''),
(77, '1456805562899', 18, 1, 4, 1, 4, '', ''),
(78, '1456805563139', 18, 1, 5, 1, 5, '', ''),
(79, '1456805563655', 18, 1, 6, 1, 6, '', ''),
(80, '1456805563787', 18, 1, 7, 1, 7, '', ''),
(81, '1456805564100', 18, 1, 8, 1, 8, '', ''),
(82, '1456805564522', 18, 1, 9, 1, 9, '', ''),
(83, '1456805566600', 18, 1, 8, 1, 8, '', ''),
(84, '1456805566747', 18, 1, 9, 1, 9, '', ''),
(85, '1456805568246', 18, 1, 9, 1, 9, '', ''),
(86, '1456805568309', 18, 1, 10, 1, 10, '', ''),
(87, '1456805568671', 18, 1, 11, 1, 11, '', ''),
(88, '1456805568836', 18, 1, 12, 1, 12, '', ''),
(89, '1456805569015', 18, 1, 13, 1, 13, '', ''),
(90, '1456805571531', 18, 2, 3, 2, 4, '', ''),
(91, '1456805571704', 18, 2, 2, 2, 3, '', ''),
(92, '1456805571888', 18, 2, 1, 2, 2, '', ''),
(93, '1456805572143', 18, 2, 0, 2, 1, '', ''),
(94, '1456805572530', 18, 1, 17, 2, 0, '', ''),
(95, '1456805607444', 18, 0, 0, 2, 0, '', ''),
(96, '1456805610713', 18, 0, 0, 0, 0, '', ''),
(97, '1456805610822', 18, 0, 1, 0, 1, '', ''),
(98, '1456805610909', 18, 0, 2, 0, 2, '', ''),
(99, '1456805611309', 18, 0, 3, 0, 3, '', ''),
(100, '1456805611502', 18, 0, 4, 0, 4, '', ''),
(101, '1456805612008', 18, 0, 5, 0, 5, '', ''),
(102, '1456805612115', 18, 0, 6, 0, 6, '', ''),
(103, '1456805612416', 18, 0, 7, 0, 7, '', ''),
(104, '1456805612614', 18, 0, 8, 0, 8, '', ''),
(105, '1456805613118', 18, 0, 9, 0, 9, '', ''),
(106, '1456805613209', 18, 0, 10, 0, 10, '', ''),
(107, '1456805613702', 18, 0, 11, 0, 11, '', ''),
(108, '1456805614092', 18, 0, 12, 0, 12, '', ''),
(109, '1456805614093', 18, 1, 0, 1, 0, '', ''),
(110, '1456805615137', 18, 1, 4, 1, 4, '', ''),
(111, '1456805615287', 18, 1, 5, 1, 5, '', ''),
(112, '1456805615505', 18, 1, 6, 1, 6, '', ''),
(113, '1456805615630', 18, 1, 7, 1, 7, '', ''),
(114, '1456805615786', 18, 1, 8, 1, 8, '', ''),
(115, '1456805616093', 18, 1, 9, 1, 9, '', ''),
(116, '1456805616230', 18, 1, 10, 1, 10, '', ''),
(117, '1456805616505', 18, 1, 11, 1, 11, '', ''),
(118, '1456805616935', 18, 1, 12, 1, 12, '', ''),
(119, '1456805617398', 18, 1, 13, 1, 13, '', ''),
(120, '1456805617399', 18, 2, 0, 2, 0, '', ''),
(121, '1456805618324', 18, 2, 3, 2, 4, '', ''),
(122, '1456805618831', 18, 2, 2, 2, 3, '', ''),
(123, '1456805619207', 18, 2, 1, 2, 2, '', ''),
(124, '1456805619554', 18, 2, 0, 2, 1, '', ''),
(125, '1456805620782', 18, 2, 0, 2, 0, '', ''),
(126, '1456805626851', 18, 1, 8, 1, 8, '', ''),
(127, '1456805627090', 18, 1, 9, 1, 9, '', ''),
(128, '1456805627202', 18, 1, 10, 1, 10, '', ''),
(129, '1456805627610', 18, 1, 11, 1, 11, '', ''),
(130, '1456805627724', 18, 1, 12, 1, 12, '', ''),
(131, '1456805627896', 18, 1, 13, 1, 13, '', ''),
(132, '1456805632162', 18, 1, 14, 1, 14, '', ''),
(133, '1456805852352', 20, 0, 0, 0, 0, '', ''),
(134, '1456805852464', 20, 0, 1, 0, 1, '', ''),
(135, '1456805852603', 20, 0, 2, 0, 2, '', ''),
(136, '1456805852749', 20, 0, 3, 0, 3, '', ''),
(137, '1456805852866', 20, 0, 4, 0, 4, '', ''),
(138, '1456805852919', 20, 0, 5, 0, 5, '', ''),
(139, '1456805869702', 18, 1, 4, 1, 5, '', ''),
(140, '1456805869914', 18, 1, 3, 1, 4, '', ''),
(141, '1456805874310', 18, 1, 3, 1, 3, '', ''),
(142, '1456805874434', 18, 1, 4, 1, 4, '', ''),
(143, '1456805909405', 26, 0, 0, 0, 0, '', ''),
(144, '1456805909728', 26, 0, 1, 0, 1, '', ''),
(145, '1456805909790', 26, 0, 2, 0, 2, '', ''),
(146, '1456805909945', 26, 0, 3, 0, 3, '', ''),
(147, '1456805910161', 26, 0, 4, 0, 4, '', ''),
(148, '1456805910170', 26, 0, 5, 0, 5, '', ''),
(149, '1456805910298', 26, 0, 6, 0, 6, '', ''),
(150, '1456805910425', 26, 0, 7, 0, 7, '', ''),
(151, '1456805910434', 26, 0, 8, 0, 8, '', ''),
(152, '1456805910550', 26, 0, 9, 0, 9, '', ''),
(153, '1456805910700', 26, 1, 0, 1, 0, '', ''),
(154, '1456805910789', 26, 1, 1, 1, 1, '', ''),
(155, '1456805910798', 26, 1, 2, 1, 2, '', ''),
(156, '1456805910901', 26, 1, 3, 1, 3, '', ''),
(157, '1456805910973', 26, 2, 0, 2, 0, '', ''),
(158, '1456805911091', 26, 2, 1, 2, 1, '', ''),
(159, '1456805911104', 26, 2, 2, 2, 2, '', ''),
(160, '1456805911248', 26, 2, 3, 2, 3, '', ''),
(161, '1456805911283', 26, 3, 0, 3, 0, '', ''),
(162, '1456805911433', 26, 3, 1, 3, 1, '', ''),
(163, '1456805911442', 26, 3, 2, 3, 2, '', ''),
(164, '1456805911493', 26, 3, 3, 3, 3, '', ''),
(165, '1456805911655', 26, 4, 0, 4, 0, '', ''),
(166, '1456805911825', 26, 4, 1, 4, 1, '', ''),
(167, '1456805911835', 26, 4, 2, 4, 2, '', ''),
(168, '1456805912014', 26, 4, 3, 4, 3, '', ''),
(169, '1456805912137', 26, 4, 4, 4, 4, '', ''),
(170, '1456805912166', 26, 4, 5, 4, 5, '', ''),
(171, '1456805912301', 26, 4, 6, 4, 6, '', ''),
(172, '1456805912485', 26, 4, 7, 4, 7, '', ''),
(173, '1456805919450', 26, 5, 0, 5, 0, '', ''),
(174, '1456805919504', 26, 5, 1, 5, 1, '', ''),
(175, '1456805919609', 26, 5, 2, 5, 2, '', ''),
(176, '1456805919698', 26, 5, 3, 5, 3, '', ''),
(177, '1456805919818', 26, 5, 4, 5, 4, '', ''),
(178, '1456805919857', 26, 5, 5, 5, 5, '', ''),
(179, '1456805920008', 26, 5, 6, 5, 6, '', ''),
(180, '1456805920114', 26, 5, 7, 5, 7, '', ''),
(181, '1456805920188', 26, 5, 8, 5, 8, '', ''),
(182, '1456805920300', 26, 5, 9, 5, 9, '', ''),
(183, '1456805920419', 26, 5, 10, 5, 10, '', ''),
(184, '1456805920493', 26, 5, 11, 5, 11, '', ''),
(185, '1456805920517', 26, 5, 12, 5, 12, '', ''),
(186, '1456805920600', 26, 5, 13, 5, 13, '', ''),
(187, '1456805920704', 26, 5, 14, 5, 14, '', ''),
(188, '1456805920730', 26, 5, 15, 5, 15, '', ''),
(189, '1456805920883', 26, 5, 16, 5, 16, '', ''),
(190, '1456805921058', 26, 5, 17, 5, 17, '', ''),
(191, '1456805921097', 26, 5, 18, 5, 18, '', ''),
(192, '1456805921210', 26, 5, 19, 5, 19, '', ''),
(193, '1456805921334', 26, 6, 0, 6, 0, '', ''),
(194, '1456805921402', 26, 6, 1, 6, 1, '', ''),
(195, '1456805921503', 26, 6, 2, 6, 2, '', ''),
(196, '1456805921512', 26, 6, 3, 6, 3, '', ''),
(197, '1456805921597', 26, 6, 4, 6, 4, '', ''),
(198, '1456805921619', 26, 6, 5, 6, 5, '', ''),
(199, '1456805921767', 26, 7, 0, 7, 0, '', ''),
(200, '1456805921815', 26, 7, 1, 7, 1, '', ''),
(201, '1456805921891', 26, 7, 2, 7, 2, '', ''),
(202, '1456805921961', 26, 7, 3, 7, 3, '', ''),
(203, '1456805921972', 26, 7, 4, 7, 4, '', ''),
(204, '1456805922092', 26, 8, 0, 8, 0, '', ''),
(205, '1456805922101', 26, 8, 1, 8, 1, '', ''),
(206, '1456805922155', 26, 8, 2, 8, 2, '', ''),
(207, '1456805922190', 26, 9, 0, 9, 0, '', ''),
(208, '1456805922257', 26, 9, 1, 9, 1, '', ''),
(209, '1456805922327', 26, 9, 2, 9, 2, '', ''),
(210, '1456805922383', 26, 10, 0, 10, 0, '', ''),
(211, '1456805922422', 26, 10, 1, 10, 1, '', ''),
(212, '1456805922451', 26, 10, 2, 10, 2, '', ''),
(213, '1456805922509', 26, 10, 3, 10, 3, '', ''),
(214, '1456805922574', 26, 11, 0, 11, 0, '', ''),
(215, '1456805922654', 26, 11, 1, 11, 1, '', ''),
(216, '1456805922696', 26, 12, 0, 12, 0, '', ''),
(217, '1456805922729', 26, 12, 1, 12, 1, '', ''),
(218, '1456805922823', 26, 12, 2, 12, 2, '', ''),
(219, '1456805922866', 26, 13, 0, 13, 0, '', ''),
(220, '1456805922991', 26, 13, 1, 13, 1, '', ''),
(221, '1456805923022', 26, 14, 0, 14, 0, '', ''),
(222, '1456805923037', 26, 14, 1, 14, 1, '', ''),
(223, '1456805923096', 26, 14, 2, 14, 2, '', ''),
(224, '1456805923215', 26, 14, 3, 14, 3, '', ''),
(225, '1456806734721', 25, 0, 0, 0, 0, '', ''),
(226, '1456806734778', 25, 0, 1, 0, 1, '', ''),
(227, '1456806734830', 25, 0, 2, 0, 2, '', ''),
(228, '1456806734899', 25, 0, 3, 0, 3, '', ''),
(229, '1456806735015', 25, 0, 4, 0, 4, '', ''),
(230, '1456806735111', 25, 0, 5, 0, 5, '', ''),
(231, '1456807066684', 21, 0, 0, 0, 0, '', ''),
(232, '1456807066819', 21, 0, 1, 0, 1, '', ''),
(233, '1456807066918', 21, 0, 2, 0, 2, '', ''),
(234, '1456807067056', 21, 0, 3, 0, 3, '', ''),
(235, '1456807067160', 21, 0, 4, 0, 4, '', ''),
(236, '1456807067275', 21, 0, 5, 0, 5, '', ''),
(237, '1456932251295', 27, 0, 0, 0, 0, '', ''),
(238, '1456932251354', 27, 0, 1, 0, 1, '', ''),
(239, '1456932251428', 27, 0, 2, 0, 2, '', ''),
(240, '1456932251633', 27, 0, 3, 0, 3, '', ''),
(241, '1456932251754', 27, 0, 4, 0, 4, '', ''),
(242, '1456932251855', 27, 0, 5, 0, 5, '', ''),
(243, '1456932258356', 27, 0, 6, 0, 6, '', ''),
(244, '1456932259678', 27, 1, 0, 1, 0, '', ''),
(245, '1456932259843', 27, 1, 1, 1, 1, '', ''),
(246, '1456932259900', 27, 1, 2, 1, 2, '', ''),
(247, '1456932260159', 27, 1, 3, 1, 3, '', ''),
(248, '1456932260413', 27, 1, 4, 1, 4, '', ''),
(249, '1456932261750', 27, 1, 5, 1, 5, '', ''),
(250, '1456932261876', 27, 1, 6, 1, 6, '', ''),
(251, '1456932262108', 27, 1, 7, 1, 7, '', ''),
(252, '1456932262200', 27, 1, 8, 1, 8, '', ''),
(253, '1456932262370', 27, 1, 9, 1, 9, '', ''),
(254, '1456932262797', 27, 1, 10, 1, 10, '', ''),
(255, '1456932263432', 27, 1, 11, 1, 11, '', ''),
(256, '1456932263926', 27, 1, 12, 1, 12, '', ''),
(257, '1456932264182', 27, 1, 13, 1, 13, '', ''),
(258, '1456932267423', 27, 1, 13, 1, 13, '', ''),
(259, '1456932267536', 27, 1, 14, 1, 14, '', ''),
(260, '1456932267766', 27, 1, 15, 1, 15, '', ''),
(261, '1456932268025', 27, 1, 16, 1, 16, '', ''),
(262, '1456932268256', 27, 1, 17, 1, 17, '', ''),
(263, '1456932268390', 27, 1, 18, 1, 18, '', ''),
(264, '1456932268586', 27, 1, 19, 1, 19, '', ''),
(265, '1456932271011', 27, 1, 21, 1, 21, '', ''),
(266, '1456932271675', 27, 1, 22, 1, 22, '', ''),
(267, '1456932357289', 27, 1, 23, 1, 23, '', ''),
(268, '1456932385730', 27, 2, 0, 2, 0, '', ''),
(269, '1456932385766', 27, 2, 1, 2, 1, '', ''),
(270, '1456932385777', 27, 2, 2, 2, 2, '', ''),
(271, '1456932386778', 27, 2, 2, 2, 3, '', ''),
(272, '1456932386923', 27, 2, 1, 2, 2, '', ''),
(273, '1456932387069', 27, 2, 0, 2, 1, '', ''),
(274, '1456932388140', 27, 2, 0, 2, 0, '', ''),
(275, '1456932389141', 27, 3, 0, 3, 0, '', ''),
(276, '1456932389141', 27, 2, 1, 2, 1, '', ''),
(277, '1456932390024', 27, 3, 4, 3, 4, '', ''),
(278, '1456932390079', 27, 3, 5, 3, 5, '', ''),
(279, '1456932390120', 27, 3, 6, 3, 6, '', ''),
(280, '1456932390208', 27, 3, 7, 3, 7, '', ''),
(281, '1456932390353', 27, 3, 8, 3, 8, '', ''),
(282, '1456932390364', 27, 3, 9, 3, 9, '', ''),
(283, '1456932390544', 27, 3, 10, 3, 10, '', ''),
(284, '1456932390694', 27, 3, 11, 3, 11, '', ''),
(285, '1456932390705', 27, 3, 12, 3, 12, '', ''),
(286, '1456932390865', 27, 3, 13, 3, 13, '', ''),
(287, '1456932390994', 27, 3, 14, 3, 14, '', ''),
(288, '1456932391015', 27, 3, 15, 3, 15, '', ''),
(289, '1456932391291', 27, 3, 16, 3, 16, '', ''),
(290, '1456932391292', 27, 4, 0, 4, 0, '', ''),
(291, '1456932392435', 27, 4, 4, 4, 4, '', ''),
(292, '1456932402550', 27, 3, 0, 4, 1, '', ''),
(293, '1456932435353', 27, 1, 8, 1, 8, '', ''),
(294, '1456932486319', 30, 0, 0, 0, 0, '', ''),
(295, '1456932486489', 30, 0, 1, 0, 1, '', ''),
(296, '1456932486597', 30, 0, 2, 0, 2, '', ''),
(297, '1456932486641', 30, 0, 3, 0, 3, '', ''),
(298, '1456932486785', 30, 0, 4, 0, 4, '', ''),
(299, '1456932486861', 30, 0, 5, 0, 5, '', ''),
(300, '1456932502067', 31, 0, 0, 0, 0, '', ''),
(301, '1456932502142', 31, 0, 1, 0, 1, '', ''),
(302, '1456932502248', 31, 0, 2, 0, 2, '', ''),
(303, '1456932502428', 31, 0, 3, 0, 3, '', ''),
(304, '1456932502441', 31, 0, 4, 0, 4, '', ''),
(305, '1456932502539', 31, 0, 5, 0, 5, '', ''),
(306, '1456932902319', 32, 0, 0, 0, 0, '', ''),
(307, '1456932902469', 32, 0, 1, 0, 1, '', ''),
(308, '1456932902569', 32, 0, 2, 0, 2, '', ''),
(309, '1456932902626', 32, 0, 3, 0, 3, '', ''),
(310, '1456932902781', 32, 0, 4, 0, 4, '', ''),
(311, '1456932902913', 32, 0, 5, 0, 5, '', ''),
(312, '1456932957401', 31, 0, 6, 0, 6, '', ''),
(313, '1456933297997', 27, 1, 8, 1, 9, '', ''),
(314, '1456933302920', 27, 2, 0, 2, 0, '', ''),
(315, '1456933303359', 27, 2, 1, 2, 1, '', ''),
(316, '1456933303598', 27, 2, 2, 2, 2, '', ''),
(317, '1456933303795', 27, 2, 3, 2, 3, '', ''),
(318, '1456933303896', 27, 2, 4, 2, 4, '', ''),
(319, '1456933304131', 27, 2, 5, 2, 5, '', ''),
(320, '1456933304602', 27, 2, 6, 2, 6, '', ''),
(321, '1456933304908', 27, 2, 7, 2, 7, '', ''),
(322, '1456933305645', 27, 2, 8, 2, 8, '', ''),
(323, '1456933306003', 27, 2, 9, 2, 9, '', ''),
(324, '1456933306891', 27, 2, 9, 2, 10, '', ''),
(325, '1456933307920', 27, 2, 9, 2, 9, '', ''),
(326, '1456933308012', 27, 2, 10, 2, 10, '', ''),
(327, '1456933308097', 27, 2, 11, 2, 11, '', ''),
(328, '1456933308172', 27, 2, 12, 2, 12, '', ''),
(329, '1456933308316', 27, 2, 13, 2, 13, '', ''),
(330, '1456933308415', 27, 2, 14, 2, 14, '', ''),
(331, '1456933309391', 27, 2, 15, 2, 15, '', ''),
(332, '1456933310512', 27, 2, 16, 2, 16, '', ''),
(333, '1456933311159', 27, 2, 17, 2, 17, '', ''),
(334, '1456933351675', 27, 3, 1, 3, 1, '', ''),
(335, '1456933351677', 27, 4, 0, 4, 0, '', ''),
(336, '1456962653261', 33, 0, 0, 0, 0, '', ''),
(337, '1456962653389', 33, 0, 1, 0, 1, '', ''),
(338, '1456962653487', 33, 0, 2, 0, 2, '', ''),
(339, '1456962653600', 33, 0, 3, 0, 3, '', ''),
(340, '1456962653681', 33, 0, 4, 0, 4, '', ''),
(341, '1456962653796', 33, 0, 5, 0, 5, '', ''),
(342, '1457010358813', 35, 0, 0, 0, 0, '', ''),
(343, '1457010358999', 35, 0, 1, 0, 1, '', ''),
(344, '1457010359071', 35, 0, 2, 0, 2, '', ''),
(345, '1457010359128', 35, 0, 3, 0, 3, '', ''),
(346, '1457010359279', 35, 0, 4, 0, 4, '', ''),
(347, '1457010359353', 35, 0, 5, 0, 5, '', ''),
(348, '1457015551357', 36, 0, 0, 0, 0, '', ''),
(349, '1457015551430', 36, 0, 1, 0, 1, '', ''),
(350, '1457015551497', 36, 0, 2, 0, 2, '', ''),
(351, '1457015551573', 36, 0, 3, 0, 3, '', ''),
(352, '1457015551700', 36, 0, 4, 0, 4, '', ''),
(353, '1457015551795', 36, 0, 5, 0, 5, '', ''),
(354, '1457015551955', 36, 0, 6, 0, 6, '', ''),
(355, '1457015552062', 36, 0, 7, 0, 7, '', ''),
(356, '1457015552128', 36, 0, 8, 0, 8, '', ''),
(357, '1457015552167', 36, 0, 9, 0, 9, '', ''),
(358, '1457015552337', 36, 0, 10, 0, 10, '', ''),
(359, '1457015552431', 36, 0, 11, 0, 11, '', ''),
(360, '1457015552445', 36, 0, 12, 0, 12, '', ''),
(361, '1457015552611', 36, 0, 13, 0, 13, '', ''),
(362, '1457015552696', 36, 0, 14, 0, 14, '', ''),
(363, '1457015552741', 36, 0, 15, 0, 15, '', ''),
(364, '1457015552900', 36, 0, 16, 0, 16, '', ''),
(365, '1457015552935', 36, 0, 17, 0, 17, '', ''),
(366, '1457015553046', 36, 0, 18, 0, 18, '', ''),
(367, '1457015553102', 36, 0, 19, 0, 19, '', ''),
(368, '1457015553223', 36, 0, 20, 0, 20, '', ''),
(369, '1457015553285', 36, 0, 21, 0, 21, '', ''),
(370, '1457015553322', 36, 0, 22, 0, 22, '', ''),
(371, '1457015553456', 36, 0, 23, 0, 23, '', ''),
(372, '1457016246478', 37, 0, 0, 0, 0, '', ''),
(373, '1457016246572', 37, 0, 1, 0, 1, '', ''),
(374, '1457016246682', 37, 0, 2, 0, 2, '', ''),
(375, '1457016246769', 37, 0, 3, 0, 3, '', ''),
(376, '1457016246892', 37, 0, 4, 0, 4, '', ''),
(377, '1457016246970', 37, 0, 5, 0, 5, '', ''),
(378, '1457016252281', 37, 0, 2, 0, 2, '', ''),
(379, '1457016252374', 37, 0, 3, 0, 3, '', ''),
(380, '1457016252630', 37, 0, 4, 0, 4, '', ''),
(381, '1457016252756', 37, 0, 5, 0, 5, '', ''),
(382, '1457016548238', 38, 0, 0, 0, 0, '', ''),
(383, '1457016548317', 38, 0, 1, 0, 1, '', ''),
(384, '1457016548436', 38, 0, 2, 0, 2, '', ''),
(385, '1457016548588', 38, 0, 3, 0, 3, '', ''),
(386, '1457016548704', 38, 0, 4, 0, 4, '', ''),
(387, '1457016548782', 38, 0, 5, 0, 5, '', ''),
(388, '1457016549397', 38, 0, 6, 0, 6, '', ''),
(389, '1457017339805', 38, 1, 0, 1, 0, '', ''),
(390, '1457017340022', 38, 1, 1, 1, 1, '', ''),
(391, '1457017340276', 38, 1, 2, 1, 2, '', ''),
(392, '1457017340471', 38, 1, 3, 1, 3, '', ''),
(393, '1457017340731', 38, 1, 4, 1, 4, '', '');

-- --------------------------------------------------------

--
-- Table structure for table `eventRemoved`
--

CREATE TABLE IF NOT EXISTS `eventRemoved` (
  `id` int(11) NOT NULL AUTO_INCREMENT,
  `event_id` int(11) NOT NULL,
  `removed` text NOT NULL,
  PRIMARY KEY (`id`),
  KEY `id` (`id`)
) ENGINE=InnoDB  DEFAULT CHARSET=latin1 AUTO_INCREMENT=372 ;

--
-- Dumping data for table `eventRemoved`
--

INSERT INTO `eventRemoved` (`id`, `event_id`, `removed`) VALUES
(1, 1, ''),
(2, 2, ''),
(3, 4, ''),
(4, 5, ''),
(5, 6, ''),
(6, 7, ''),
(7, 8, ''),
(8, 9, ''),
(9, 10, ''),
(10, 11, ''),
(11, 12, ''),
(12, 13, ''),
(13, 15, ''),
(14, 17, ''),
(15, 18, ''),
(16, 19, ''),
(17, 20, ''),
(18, 21, ''),
(19, 23, ''),
(20, 25, ''),
(21, 26, ''),
(22, 27, ''),
(23, 28, ''),
(24, 29, ''),
(25, 31, ''),
(26, 32, ''),
(27, 33, ''),
(28, 34, ''),
(29, 35, ''),
(30, 36, ''),
(31, 37, ''),
(32, 38, 'bzrerber'),
(33, 38, 'beb'),
(34, 38, 'be'),
(35, 38, 'e'),
(36, 38, 'r'),
(37, 38, 'b'),
(38, 38, 'er'),
(39, 38, 'b'),
(40, 38, 'e'),
(41, 38, 'rbze'),
(42, 38, ''),
(43, 39, ''),
(44, 40, ''),
(45, 41, ''),
(46, 42, ''),
(47, 43, ''),
(48, 44, ''),
(49, 45, 'coucou'),
(50, 46, ''),
(51, 47, ''),
(52, 48, ''),
(53, 49, ''),
(54, 50, ''),
(55, 51, ''),
(56, 52, ''),
(57, 53, ''),
(58, 54, ''),
(59, 55, ''),
(60, 56, ''),
(61, 58, ''),
(62, 60, ''),
(63, 61, ''),
(64, 62, ''),
(65, 63, 'm'),
(66, 64, 'a'),
(67, 65, ''),
(68, 66, ''),
(69, 67, ''),
(70, 68, ''),
(71, 69, ''),
(72, 70, ''),
(73, 71, ''),
(74, 72, ''),
(75, 73, ''),
(76, 74, ''),
(77, 75, ''),
(78, 76, ''),
(79, 77, ''),
(80, 78, ''),
(81, 79, ''),
(82, 80, ''),
(83, 81, ''),
(84, 82, ''),
(85, 83, ''),
(86, 84, ''),
(87, 85, ''),
(88, 86, ''),
(89, 87, ''),
(90, 88, ''),
(91, 89, ''),
(92, 90, ''),
(93, 91, ''),
(94, 92, ''),
(95, 93, ''),
(96, 94, ''),
(97, 94, ''),
(98, 95, 'void main(){'),
(99, 95, 'printf()"hello";'),
(100, 95, ''),
(101, 96, ''),
(102, 97, ''),
(103, 98, ''),
(104, 99, ''),
(105, 100, ''),
(106, 101, ''),
(107, 102, ''),
(108, 103, ''),
(109, 104, ''),
(110, 105, ''),
(111, 106, ''),
(112, 107, ''),
(113, 109, ''),
(114, 110, ''),
(115, 111, ''),
(116, 112, ''),
(117, 113, ''),
(118, 114, ''),
(119, 115, ''),
(120, 116, ''),
(121, 117, ''),
(122, 118, ''),
(123, 120, ''),
(124, 121, ''),
(125, 122, ''),
(126, 123, ''),
(127, 124, ''),
(128, 125, ''),
(129, 126, ''),
(130, 127, ''),
(131, 128, ''),
(132, 129, ''),
(133, 130, ''),
(134, 131, ''),
(135, 132, ''),
(136, 133, ''),
(137, 134, ''),
(138, 135, ''),
(139, 136, ''),
(140, 137, ''),
(141, 138, ''),
(142, 139, 'n'),
(143, 140, 'i'),
(144, 141, ''),
(145, 142, ''),
(146, 143, ''),
(147, 144, ''),
(148, 145, ''),
(149, 146, ''),
(150, 148, ''),
(151, 149, ''),
(152, 151, ''),
(153, 152, ''),
(154, 153, ''),
(155, 155, ''),
(156, 156, ''),
(157, 157, ''),
(158, 159, ''),
(159, 160, ''),
(160, 161, ''),
(161, 163, ''),
(162, 164, ''),
(163, 165, ''),
(164, 167, ''),
(165, 168, ''),
(166, 169, ''),
(167, 170, ''),
(168, 171, ''),
(169, 172, ''),
(170, 173, ''),
(171, 174, ''),
(172, 175, ''),
(173, 176, ''),
(174, 177, ''),
(175, 178, ''),
(176, 179, ''),
(177, 180, ''),
(178, 181, ''),
(179, 182, ''),
(180, 183, ''),
(181, 184, ''),
(182, 185, ''),
(183, 186, ''),
(184, 188, ''),
(185, 189, ''),
(186, 191, ''),
(187, 192, ''),
(188, 193, ''),
(189, 194, ''),
(190, 196, ''),
(191, 198, ''),
(192, 199, ''),
(193, 200, ''),
(194, 201, ''),
(195, 203, ''),
(196, 205, ''),
(197, 207, ''),
(198, 208, ''),
(199, 209, ''),
(200, 212, ''),
(201, 213, ''),
(202, 217, ''),
(203, 218, ''),
(204, 219, ''),
(205, 222, ''),
(206, 223, ''),
(207, 224, ''),
(208, 225, ''),
(209, 226, ''),
(210, 227, ''),
(211, 228, ''),
(212, 229, ''),
(213, 230, ''),
(214, 231, ''),
(215, 232, ''),
(216, 233, ''),
(217, 234, ''),
(218, 235, ''),
(219, 236, ''),
(220, 237, ''),
(221, 238, ''),
(222, 239, ''),
(223, 240, ''),
(224, 241, ''),
(225, 242, ''),
(226, 243, ''),
(227, 244, ''),
(228, 245, ''),
(229, 246, ''),
(230, 247, ''),
(231, 248, ''),
(232, 249, ''),
(233, 250, ''),
(234, 251, ''),
(235, 252, ''),
(236, 253, ''),
(237, 254, ''),
(238, 255, ''),
(239, 256, ''),
(240, 257, ''),
(241, 258, ''),
(242, 259, ''),
(243, 260, ''),
(244, 261, ''),
(245, 262, ''),
(246, 263, ''),
(247, 264, ''),
(248, 265, ''),
(249, 266, ''),
(250, 267, ''),
(251, 268, ''),
(252, 270, ''),
(253, 271, 'z'),
(254, 272, 'f'),
(255, 273, 'e'),
(256, 274, ''),
(257, 275, ''),
(258, 277, ''),
(259, 279, ''),
(260, 280, ''),
(261, 281, ''),
(262, 282, ''),
(263, 283, ''),
(264, 284, ''),
(265, 285, ''),
(266, 286, ''),
(267, 287, ''),
(268, 288, ''),
(269, 290, ''),
(270, 291, ''),
(271, 292, ' fefzefzefze'),
(272, 292, ''),
(273, 293, ''),
(274, 294, ''),
(275, 295, ''),
(276, 296, ''),
(277, 297, ''),
(278, 298, ''),
(279, 299, ''),
(280, 300, ''),
(281, 301, ''),
(282, 302, ''),
(283, 303, ''),
(284, 304, ''),
(285, 305, ''),
(286, 306, ''),
(287, 307, ''),
(288, 308, ''),
(289, 309, ''),
(290, 310, ''),
(291, 311, ''),
(292, 312, ''),
(293, 314, ''),
(294, 315, ''),
(295, 316, ''),
(296, 317, ''),
(297, 318, ''),
(298, 319, ''),
(299, 320, ''),
(300, 321, ''),
(301, 322, ''),
(302, 323, ''),
(303, 324, '"'),
(304, 325, ''),
(305, 326, ''),
(306, 327, ''),
(307, 328, ''),
(308, 329, ''),
(309, 330, ''),
(310, 331, ''),
(311, 332, ''),
(312, 333, ''),
(313, 335, ''),
(314, 336, ''),
(315, 337, ''),
(316, 338, ''),
(317, 339, ''),
(318, 340, ''),
(319, 341, ''),
(320, 342, ''),
(321, 343, ''),
(322, 344, ''),
(323, 345, ''),
(324, 346, ''),
(325, 347, ''),
(326, 348, ''),
(327, 349, ''),
(328, 350, ''),
(329, 351, ''),
(330, 352, ''),
(331, 353, ''),
(332, 354, ''),
(333, 355, ''),
(334, 356, ''),
(335, 357, ''),
(336, 358, ''),
(337, 359, ''),
(338, 360, ''),
(339, 361, ''),
(340, 362, ''),
(341, 363, ''),
(342, 364, ''),
(343, 365, ''),
(344, 366, ''),
(345, 367, ''),
(346, 368, ''),
(347, 369, ''),
(348, 370, ''),
(349, 371, ''),
(350, 372, ''),
(351, 373, ''),
(352, 374, ''),
(353, 375, ''),
(354, 376, ''),
(355, 377, ''),
(356, 378, ''),
(357, 379, ''),
(358, 380, ''),
(359, 381, ''),
(360, 382, ''),
(361, 383, ''),
(362, 384, ''),
(363, 385, ''),
(364, 386, ''),
(365, 387, ''),
(366, 388, ''),
(367, 389, ''),
(368, 390, ''),
(369, 391, ''),
(370, 392, ''),
(371, 393, '');

-- --------------------------------------------------------

--
-- Table structure for table `eventText`
--

CREATE TABLE IF NOT EXISTS `eventText` (
  `id` int(11) NOT NULL AUTO_INCREMENT,
  `event_id` int(11) NOT NULL,
  `text` text NOT NULL,
  PRIMARY KEY (`id`),
  KEY `id` (`id`)
) ENGINE=InnoDB  DEFAULT CHARSET=latin1 AUTO_INCREMENT=382 ;

--
-- Dumping data for table `eventText`
--

INSERT INTO `eventText` (`id`, `event_id`, `text`) VALUES
(1, 1, 'b'),
(2, 2, 'z'),
(3, 4, 'r'),
(4, 5, 'e'),
(5, 6, 'r'),
(6, 7, 'b'),
(7, 8, 'e'),
(8, 9, 'r'),
(9, 10, ''),
(10, 11, 'b'),
(11, 10, ''),
(12, 12, 'e'),
(13, 13, 'b'),
(14, 15, 'e'),
(15, 17, ''),
(16, 17, ''),
(17, 18, 'b'),
(18, 19, 'e'),
(19, 20, ''),
(20, 20, ''),
(21, 21, 'r'),
(22, 23, 'b'),
(23, 25, 'e'),
(24, 26, 'r'),
(25, 27, ''),
(26, 27, ''),
(27, 28, 'b'),
(28, 29, ''),
(29, 29, ''),
(30, 31, ''),
(31, 31, ''),
(32, 32, 'e'),
(33, 33, ''),
(34, 34, 'r'),
(35, 33, ''),
(36, 35, 'b'),
(37, 36, 'z'),
(38, 37, 'e'),
(39, 38, ''),
(40, 39, 'c'),
(41, 40, 'o'),
(42, 41, 'u'),
(43, 42, 'c'),
(44, 43, 'o'),
(45, 44, 'u'),
(46, 45, 'v'),
(47, 46, 'o'),
(48, 47, 'i'),
(49, 48, 'd'),
(50, 49, ' '),
(51, 50, 'a'),
(52, 51, 'm'),
(53, 52, 'i'),
(54, 53, 'n'),
(55, 54, '('),
(56, 55, ')'),
(57, 56, '{'),
(58, 58, ' '),
(59, 60, ' '),
(60, 61, '}'),
(61, 62, ''),
(62, 62, ''),
(63, 63, ''),
(64, 64, ''),
(65, 65, 'm'),
(66, 66, 'a'),
(67, 67, ''),
(68, 68, ''),
(69, 69, ''),
(70, 70, ''),
(71, 71, ''),
(72, 72, ''),
(73, 73, ''),
(74, 74, 'p'),
(75, 75, 'r'),
(76, 76, 'i'),
(77, 77, 'n'),
(78, 78, 't'),
(79, 79, 'f'),
(80, 80, '('),
(81, 81, ')'),
(82, 82, ';'),
(83, 83, '"'),
(84, 84, '"'),
(85, 85, 'h'),
(86, 86, 'e'),
(87, 87, 'l'),
(88, 88, 'l'),
(89, 89, 'o'),
(90, 90, ''),
(91, 91, ''),
(92, 92, ''),
(93, 93, ''),
(94, 94, ''),
(95, 95, ''),
(96, 96, 'v'),
(97, 97, 'o'),
(98, 98, 'i'),
(99, 99, 'd'),
(100, 100, ' '),
(101, 101, 'm'),
(102, 102, 'a'),
(103, 103, 'i'),
(104, 104, 'n'),
(105, 105, '('),
(106, 106, ')'),
(107, 107, '{'),
(108, 109, ' '),
(109, 110, 'p'),
(110, 111, 'r'),
(111, 112, 'i'),
(112, 113, 'n'),
(113, 114, 't'),
(114, 115, 'f'),
(115, 116, '('),
(116, 117, ')'),
(117, 118, ';'),
(118, 120, ' '),
(119, 121, ''),
(120, 122, ''),
(121, 123, ''),
(122, 124, ''),
(123, 125, '}'),
(124, 126, '"'),
(125, 127, 'h'),
(126, 128, 'e'),
(127, 129, 'l'),
(128, 130, 'l'),
(129, 131, 'o'),
(130, 132, '"'),
(131, 133, 'c'),
(132, 134, 'o'),
(133, 135, 'u'),
(134, 136, 'c'),
(135, 137, 'o'),
(136, 138, 'u'),
(137, 139, ''),
(138, 140, ''),
(139, 141, 'i'),
(140, 142, 'n'),
(141, 143, 'd'),
(142, 144, 's'),
(143, 145, 'd'),
(144, 146, 'b'),
(145, 148, 's'),
(146, 149, 'b'),
(147, 151, 's'),
(148, 152, ''),
(149, 152, ''),
(150, 153, 'b'),
(151, 155, 's'),
(152, 156, ''),
(153, 156, ''),
(154, 157, 'b'),
(155, 159, 'd'),
(156, 160, ''),
(157, 160, ''),
(158, 161, 'b'),
(159, 163, 'd'),
(160, 164, ''),
(161, 164, ''),
(162, 165, 'b'),
(163, 167, 'd'),
(164, 168, 'b'),
(165, 169, 's'),
(166, 170, 'd'),
(167, 171, 'b'),
(168, 172, ''),
(169, 172, ''),
(170, 173, 'g'),
(171, 174, 'e'),
(172, 175, 's'),
(173, 176, 'g'),
(174, 177, 'e'),
(175, 178, 's'),
(176, 179, 'g'),
(177, 180, 'e'),
(178, 181, 'r'),
(179, 182, 'g'),
(180, 183, 'e'),
(181, 184, 's'),
(182, 185, 'r'),
(183, 186, 'g'),
(184, 188, 's'),
(185, 189, 'g'),
(186, 191, 'e'),
(187, 192, ''),
(188, 192, ''),
(189, 193, 'g'),
(190, 194, 'e'),
(191, 196, 's'),
(192, 198, ''),
(193, 198, ''),
(194, 199, 'e'),
(195, 200, 's'),
(196, 201, 'r'),
(197, 203, ''),
(198, 203, ''),
(199, 205, 's'),
(200, 207, 'r'),
(201, 208, 'g'),
(202, 209, ''),
(203, 209, ''),
(204, 212, 'r'),
(205, 213, ''),
(206, 213, ''),
(207, 217, 's'),
(208, 218, ''),
(209, 218, ''),
(210, 219, 'g'),
(211, 222, 's'),
(212, 223, 'r'),
(213, 224, 'g'),
(214, 225, 'c'),
(215, 226, 'o'),
(216, 227, 'u'),
(217, 228, 'c'),
(218, 229, 'o'),
(219, 230, 'u'),
(220, 231, 'c'),
(221, 232, 'o'),
(222, 233, 'u'),
(223, 234, 'c'),
(224, 235, 'o'),
(225, 236, 'u'),
(226, 237, 'c'),
(227, 238, 'o'),
(228, 239, 'u'),
(229, 240, 'c'),
(230, 241, 'o'),
(231, 242, 'u'),
(232, 243, ''),
(233, 243, ''),
(234, 244, 'v'),
(235, 245, 'o'),
(236, 246, 'i'),
(237, 247, 'd'),
(238, 248, ' '),
(239, 249, 'p'),
(240, 250, 'r'),
(241, 251, 'i'),
(242, 252, 'n'),
(243, 253, 't'),
(244, 254, 'f'),
(245, 255, '('),
(246, 256, '"'),
(247, 257, '"'),
(248, 258, 'c'),
(249, 259, 'o'),
(250, 260, 'u'),
(251, 261, 'c'),
(252, 262, 'o'),
(253, 263, 'u'),
(254, 264, 'c'),
(255, 265, ')'),
(256, 266, ';'),
(257, 267, ''),
(258, 267, ''),
(259, 268, 'e'),
(260, 270, 'z'),
(261, 271, ''),
(262, 272, ''),
(263, 273, ''),
(264, 274, ''),
(265, 275, ' '),
(266, 277, 'f'),
(267, 279, 'e'),
(268, 280, 'f'),
(269, 281, 'z'),
(270, 282, 'e'),
(271, 283, 'f'),
(272, 284, 'z'),
(273, 285, 'e'),
(274, 286, 'f'),
(275, 287, 'z'),
(276, 288, 'e'),
(277, 290, ' '),
(278, 291, '}'),
(279, 292, ''),
(280, 293, '!!APOST!!'),
(281, 294, 'c'),
(282, 295, 'o'),
(283, 296, 'u'),
(284, 297, 'c'),
(285, 298, 'o'),
(286, 299, 'u'),
(287, 300, 'c'),
(288, 301, 'o'),
(289, 302, 'u'),
(290, 303, 'c'),
(291, 304, 'o'),
(292, 305, 'u'),
(293, 306, 'c'),
(294, 307, 'o'),
(295, 308, 'u'),
(296, 309, 'c'),
(297, 310, 'o'),
(298, 311, 'u'),
(299, 312, ''),
(300, 312, ''),
(301, 313, ''),
(302, 314, ''),
(303, 315, 'p'),
(304, 316, 'r'),
(305, 317, 'i'),
(306, 318, 'n'),
(307, 319, 't'),
(308, 320, 'f'),
(309, 321, '('),
(310, 322, '"'),
(311, 323, '"'),
(312, 324, ''),
(313, 325, 'c'),
(314, 326, 'o'),
(315, 327, 'u'),
(316, 328, 'c'),
(317, 329, 'o'),
(318, 330, 'u'),
(319, 331, '"'),
(320, 332, ')'),
(321, 333, ';'),
(322, 335, ' '),
(323, 336, 'c'),
(324, 337, 'o'),
(325, 338, 'u'),
(326, 339, 'c'),
(327, 340, 'o'),
(328, 341, 'u'),
(329, 342, 'c'),
(330, 343, 'o'),
(331, 344, 'u'),
(332, 345, 'c'),
(333, 346, 'o'),
(334, 347, 'u'),
(335, 348, 'c'),
(336, 349, 'o'),
(337, 350, 'u'),
(338, 351, 'c'),
(339, 352, 'o'),
(340, 353, 'u'),
(341, 354, 'c'),
(342, 355, 'o'),
(343, 356, 'u'),
(344, 357, 'c'),
(345, 358, 'o'),
(346, 359, 'u'),
(347, 360, 'c'),
(348, 361, 'o'),
(349, 362, 'c'),
(350, 363, 'u'),
(351, 364, 'c'),
(352, 365, 'o'),
(353, 366, 'u'),
(354, 367, 'c'),
(355, 368, 'o'),
(356, 369, 'c'),
(357, 370, 'u'),
(358, 371, 'c'),
(359, 372, 'c'),
(360, 373, 'o'),
(361, 374, 'u'),
(362, 375, 'c'),
(363, 376, 'o'),
(364, 377, 'u'),
(365, 378, 'z'),
(366, 379, 'a'),
(367, 380, 'd'),
(368, 381, 'a'),
(369, 382, 'c'),
(370, 383, 'o'),
(371, 384, 'u'),
(372, 385, 'c'),
(373, 386, 'o'),
(374, 387, 'u'),
(375, 388, ''),
(376, 388, ''),
(377, 389, 'e'),
(378, 390, 'e'),
(379, 391, 'e'),
(380, 392, 'e'),
(381, 393, 'e');

-- --------------------------------------------------------

--
-- Table structure for table `fichier`
--

CREATE TABLE IF NOT EXISTS `fichier` (
  `id` int(11) NOT NULL AUTO_INCREMENT,
  `projet_id` int(11) NOT NULL,
  `nom` text NOT NULL,
  `language` text NOT NULL,
  PRIMARY KEY (`id`),
  KEY `id` (`id`)
) ENGINE=InnoDB  DEFAULT CHARSET=latin1 AUTO_INCREMENT=40 ;

--
-- Dumping data for table `fichier`
--

INSERT INTO `fichier` (`id`, `projet_id`, `nom`, `language`) VALUES
(2, 2, 'nouveauFichier', 'py'),
(3, 1, 'nouveauFichier', 'py'),
(4, 3, 'nouveauFichier', 'py'),
(5, 5, 'nouveauFichier', 'py'),
(6, 3, 'new', 'py'),
(7, 3, 'fichi1.py', 'py'),
(8, 4, '', ''),
(9, 3, 'bla', 'ver'),
(10, 4, '', ''),
(11, 4, 'coucou', 'py'),
(12, 4, 'blleeee', 'py'),
(13, 4, 'mathias', 'py'),
(14, 4, 'ezgzegze', 'de'),
(15, 4, 'mathias', 'java'),
(16, 1, 'fichiermil', 'c'),
(17, 1, 'new', 'py'),
(18, 9, 'fichier1', 'py'),
(19, 14, 'efzefz', 'fez'),
(20, 15, 'new', 'py'),
(21, 10, 'main', 'c'),
(22, 12, '', ''),
(23, 10, 'fez', 'd'),
(24, 17, 'coucou', 'fr'),
(25, 16, 'coucou', 'c'),
(26, 18, 'fich1', 'java'),
(27, 18, 'fich2', 'java'),
(28, 18, 'fich3', 'java'),
(29, 18, 'blab', 'er'),
(30, 18, 'ble', 'js'),
(31, 19, 'coucou', 'rb'),
(32, 9, 'file2', 'py'),
(33, 20, 'efzzef', 'fez'),
(34, 20, 'ezfe', 'ef'),
(35, 22, 'fez', 'fez'),
(36, 25, 'blalba', 'bla'),
(37, 26, 'coucou', 'js'),
(38, 27, 'bla', 'c'),
(39, 27, 'coeerg', 'fzef');

-- --------------------------------------------------------

--
-- Table structure for table `instanceUniversitaire`
--

CREATE TABLE IF NOT EXISTS `instanceUniversitaire` (
  `id` int(11) NOT NULL AUTO_INCREMENT,
  `sessionUniv_id` int(11) NOT NULL,
  `user_id` int(11) NOT NULL,
  `session_id` int(11) NOT NULL,
  PRIMARY KEY (`id`),
  KEY `id` (`id`)
) ENGINE=InnoDB  DEFAULT CHARSET=latin1 AUTO_INCREMENT=9 ;

--
-- Dumping data for table `instanceUniversitaire`
--

INSERT INTO `instanceUniversitaire` (`id`, `sessionUniv_id`, `user_id`, `session_id`) VALUES
(5, 8, 6, 25),
(6, 11, 6, 43),
(7, 11, 8, 45),
(8, 12, 6, 48);

-- --------------------------------------------------------

--
-- Table structure for table `professeur`
--

CREATE TABLE IF NOT EXISTS `professeur` (
  `id` int(11) NOT NULL AUTO_INCREMENT,
  `user_id` int(11) NOT NULL,
  PRIMARY KEY (`id`),
  KEY `id` (`id`)
) ENGINE=InnoDB  DEFAULT CHARSET=latin1 AUTO_INCREMENT=10 ;

--
-- Dumping data for table `professeur`
--

INSERT INTO `professeur` (`id`, `user_id`) VALUES
(1, 8),
(2, 9),
(3, 11),
(4, 12),
(5, 13),
(6, 14),
(7, 15),
(8, 16),
(9, 17);

-- --------------------------------------------------------

--
-- Table structure for table `projet`
--

CREATE TABLE IF NOT EXISTS `projet` (
  `id` int(11) NOT NULL AUTO_INCREMENT,
  `session_id` int(11) NOT NULL,
  `nom` text NOT NULL,
  PRIMARY KEY (`id`),
  KEY `id` (`id`)
) ENGINE=InnoDB  DEFAULT CHARSET=latin1 AUTO_INCREMENT=28 ;

--
-- Dumping data for table `projet`
--

INSERT INTO `projet` (`id`, `session_id`, `nom`) VALUES
(1, 9, 'projet 1'),
(2, 9, 'projet 2'),
(3, 9, 'projet3'),
(4, 8, 'projet 4'),
(5, 9, 'nouveauProjet'),
(6, 9, 'nouveauProjet'),
(8, 9, 'bla'),
(9, 16, 'projet 1'),
(10, 16, 'the new project'),
(11, 16, 'bla'),
(12, 16, 'coucou'),
(13, 16, 'mince'),
(14, 16, 'ha'),
(15, 16, 'ba'),
(16, 17, 'blaa'),
(17, 17, 'waza'),
(18, 18, 'tp1'),
(19, 18, 'tp2'),
(20, 25, 'proj1'),
(21, 43, 'tp1'),
(22, 43, 'zefzef'),
(23, 45, ''),
(24, 45, 'dzedze'),
(25, 27, 'bla'),
(26, 29, 'fezfze'),
(27, 48, 'tp2');

-- --------------------------------------------------------

--
-- Table structure for table `session`
--

CREATE TABLE IF NOT EXISTS `session` (
  `id` int(11) NOT NULL AUTO_INCREMENT,
  `user_id` int(11) NOT NULL,
  `name` text NOT NULL,
  PRIMARY KEY (`id`),
  KEY `id` (`id`)
) ENGINE=InnoDB  DEFAULT CHARSET=latin1 AUTO_INCREMENT=49 ;

--
-- Dumping data for table `session`
--

INSERT INTO `session` (`id`, `user_id`, `name`) VALUES
(6, 5, 'grergergaaa'),
(7, 5, 'eegzze'),
(8, 0, 'sessionmil'),
(9, 0, 'bla'),
(10, 0, 'coucou'),
(11, 0, 'fzefz'),
(12, 0, 'coucou'),
(13, 0, 'fez'),
(14, 5, 'session perso 1'),
(15, 5, 'session perso 1'),
(16, 6, 'session 1'),
(17, 6, 'sess2'),
(18, 6, 'nbereb'),
(19, 6, 'test'),
(20, 0, 'fzef'),
(21, 6, 'fzef'),
(22, 0, 'sessionName1'),
(23, 0, 'sessionName1'),
(24, 6, 'sessionName1'),
(25, 6, 'sessionName1'),
(27, 6, 'blabla'),
(28, 6, 'fzefze'),
(29, 6, 'fze'),
(30, 6, 'fzefz'),
(31, 6, 'fzefze'),
(32, 6, 'fzefzef'),
(33, 6, 'eerger'),
(34, 6, 'gergerg'),
(35, 6, 'gergergerg'),
(36, 6, 'gergergergergergergergergergergeg'),
(37, 6, 'gregergerger'),
(38, 6, 'gergergergergre'),
(39, 6, 'rgergergergerg'),
(40, 0, 'bhiuhiu'),
(41, 0, 'hop3x'),
(42, 6, 'ezgezgze'),
(43, 6, 'hop3x'),
(44, 8, 'dezfzef'),
(45, 8, 'hop3x'),
(46, 6, 'coucou'),
(47, 0, 'bla2'),
(48, 6, 'bla2');

-- --------------------------------------------------------

--
-- Table structure for table `sessionPerso`
--

CREATE TABLE IF NOT EXISTS `sessionPerso` (
  `id` int(11) NOT NULL AUTO_INCREMENT,
  `session_id` int(11) NOT NULL,
  PRIMARY KEY (`id`),
  KEY `id` (`id`)
) ENGINE=InnoDB  DEFAULT CHARSET=latin1 AUTO_INCREMENT=18 ;

--
-- Dumping data for table `sessionPerso`
--

INSERT INTO `sessionPerso` (`id`, `session_id`) VALUES
(1, 26),
(2, 27),
(3, 28),
(4, 29),
(5, 30),
(6, 31),
(7, 32),
(8, 33),
(9, 34),
(10, 35),
(11, 36),
(12, 37),
(13, 38),
(14, 39),
(15, 42),
(16, 44),
(17, 46);

-- --------------------------------------------------------

--
-- Table structure for table `sessionUniversitaire`
--

CREATE TABLE IF NOT EXISTS `sessionUniversitaire` (
  `id` int(11) NOT NULL AUTO_INCREMENT,
  `enseignant_id` int(11) NOT NULL,
  `dateDebutSession` text NOT NULL,
  `dateFinSession` text NOT NULL,
  `session_id` int(11) NOT NULL,
  PRIMARY KEY (`id`),
  KEY `id` (`id`)
) ENGINE=InnoDB  DEFAULT CHARSET=latin1 AUTO_INCREMENT=13 ;

--
-- Dumping data for table `sessionUniversitaire`
--

INSERT INTO `sessionUniversitaire` (`id`, `enseignant_id`, `dateDebutSession`, `dateFinSession`, `session_id`) VALUES
(8, 1, 'date1', 'date2', 22),
(10, 1, 'hiuhi', 'uhiuhiu', 40),
(11, 1, 'ezfezf', 'zefezfze', 41),
(12, 0, 'eeeee', 'fffffff', 47);

-- --------------------------------------------------------

--
-- Table structure for table `test`
--

CREATE TABLE IF NOT EXISTS `test` (
  `id` int(11) NOT NULL AUTO_INCREMENT,
  `message` text NOT NULL,
  `code` longtext NOT NULL,
  `sessionUniversitaire_id` int(11) NOT NULL,
  PRIMARY KEY (`id`),
  KEY `id` (`id`)
) ENGINE=InnoDB  DEFAULT CHARSET=latin1 AUTO_INCREMENT=2 ;

--
-- Dumping data for table `test`
--

INSERT INTO `test` (`id`, `message`, `code`, `sessionUniversitaire_id`) VALUES
(1, 'Votre script est sense avoir un main', 'int test1(){\r\n   if(haveAmain()){\r\n       return(true);\r\n   }\r\nelse{\r\n  return(true);\r\n}\r\n}', 0);

-- --------------------------------------------------------

--
-- Table structure for table `Users`
--

CREATE TABLE IF NOT EXISTS `Users` (
  `id` int(11) NOT NULL AUTO_INCREMENT,
  `username` text NOT NULL,
  `motdePasse` text NOT NULL,
  `nom` text NOT NULL,
  `prenom` text NOT NULL,
  `email` int(11) NOT NULL,
  `cleSecureCoockie` int(11) NOT NULL,
  PRIMARY KEY (`id`),
  KEY `id` (`id`)
) ENGINE=InnoDB  DEFAULT CHARSET=latin1 AUTO_INCREMENT=19 ;

--
-- Dumping data for table `Users`
--

INSERT INTO `Users` (`id`, `username`, `motdePasse`, `nom`, `prenom`, `email`, `cleSecureCoockie`) VALUES
(6, 'matdid18', 'fi8u5w', 'mathias', 'didier', 0, 5855),
(8, 'PieJac65', 'HFMtUy', 'Pierre', 'Jacoboni', 0, 11089),
(9, 'Chrdes89', '6fQCmS', 'Christophe', 'despers', 0, 15807),
(10, 'ezffze41', 'lZmKWA', 'ezfezfezfez', 'fzefzef', 0, 12613),
(11, 'matdid79', 'jV6mHQ', 'matfzefze', 'diddzdzef', 0, 14474),
(12, 'matdid1', 'DeIcuh', 'matfzefze', 'diddzdzef', 0, 14061),
(13, 'aaabbb31', '9elm42', 'aaaa', 'bbbb', 0, 17898),
(14, 'aaabbb80', 'QdpAVs', 'aaaa', 'bbbb', 0, 13123),
(15, 'aaabbb6', 'mrndAj', 'aaaa', 'bbbb', 0, 12337),
(16, 'aaabbb42', 'veLoSu', 'aaaa', 'bbbb', 0, 8748),
(17, 'coubla97', 'FH2KyQ', 'coucou', 'blalba', 0, 4367),
(18, 'lolcat', 'ZbB4MO', 'lol', 'cat', 0, 18768);

/*!40101 SET CHARACTER_SET_CLIENT=@OLD_CHARACTER_SET_CLIENT */;
/*!40101 SET CHARACTER_SET_RESULTS=@OLD_CHARACTER_SET_RESULTS */;
/*!40101 SET COLLATION_CONNECTION=@OLD_COLLATION_CONNECTION */;
